childid,age,Total_Duration_mins,Average_Duration_mins
401,7,55.2000,13.80000000
196,5,48.6000,9.72000000
2303,4,45.0000,1.45161290
2918,5,3.1667,0.79166667
2312,10,27.8333,1.03086420
1223,22,24.2333,0.69238095
3033,16,0.4667,0.46666667
383,3,56.8833,14.22083333
3667,3,0.6333,0.21111111
3048,16,0.4167,0.03787879
1255,21,0.5667,0.05666667
3406,18,0.2833,0.28333333
1973,3,2.9667,0.11410256
1393,2,1.0833,0.21666667
2359,0,5.4667,0.04408602
1303,5,19.0667,0.05252525
3145,5,4.3333,0.12037037
3786,4,0.5833,0.07291667
756,5,0.2167,0.10833333
2907,5,0.2333,0.11666667
3262,1,0.3667,0.18333333
3292,5,0.2667,0.13333333
2830,7,1.1000,0.04782609
1728,3,4.3167,0.03689459
3099,4,0.4833,0.16111111
1812,5,11.1833,0.05855148
1745,7,0.1833,0.06111111
2452,7,0.4500,0.04090909
1222,7,1.3167,0.11969697
2453,6,0.6667,0.01851852
2997,16,2.6833,0.07892157
3098,3,1.8000,0.04615385
2831,5,5.9167,0.10028249
1900,4,3.8000,0.04418605
3400,6,0.4000,0.04444444
3665,5,0.7000,0.03333333
2838,16,7.9500,0.03613636
3631,6,1.3167,0.05984848
3829,4,0.7000,0.05833333
3134,5,1.4167,0.02951389
2664,5,0.3667,0.12222222
2351,4,1.0167,0.08472222
3691,4,0.8167,0.04537037
3741,5,6.1500,0.08092105
2578,3,3.4833,0.20490196
1981,6,3.5167,0.11722222
2152,5,0.6167,0.04743590
692,6,0.1500,0.15000000
1726,5,0.2500,0.12500000
3055,3,0.5667,0.14166667
3132,5,0.5667,0.11333333
1659,3,0.1333,0.13333333
3451,3,0.7500,0.02419355
689,6,0.3000,0.05000000
1700,4,3.3667,0.04208333
3684,5,0.4000,0.13333333
1423,4,1.1667,0.03763441
1414,4,0.5833,0.06481481
3420,4,0.5667,0.04047619
3697,16,0.2167,0.10833333
3449,5,0.5167,0.04305556
2701,5,0.6333,0.07037037
3141,5,25.1167,0.32619048
2159,5,0.6667,0.04444444
942,5,0.1333,0.06666667
1170,4,0.1833,0.04583333
1814,5,4.8000,0.07741935
3133,5,0.2667,0.08888889
3701,16,0.1167,0.11666667
3086,5,0.2167,0.10833333
2262,4,0.1167,0.11666667
3174,5,0.6000,0.06666667
2897,2,0.2500,0.08333333
3696,16,0.1167,0.11666667
1421,5,100.7833,0.21443262
2034,4,0.5500,0.07857143
2406,6,0.2833,0.07083333
1743,7,0.1500,0.02500000
3917,3,0.3667,0.02037037
363,5,0.1333,0.04444444
1991,6,0.5500,0.03055556
2750,16,0.4500,0.11250000
1354,7,2.0167,0.11203704
3421,5,0.9500,0.02878788
1379,5,0.5500,0.13750000
1984,5,0.1333,0.06666667
2003,6,0.5500,0.07857143
1208,5,0.4667,0.07777778
2009,4,2.7667,0.04009662
3739,3,0.2167,0.05416667
1970,10,0.8500,0.02073171
3257,7,0.7667,0.09583333
2987,16,0.4500,0.15000000
1408,3,0.1833,0.09166667
2763,16,0.1000,0.10000000
3270,5,0.1000,0.10000000
1027,5,0.2833,0.04047619
2832,4,0.7000,0.03333333
3144,5,4.8333,0.12083333
1035,6,1.0500,0.08076923
2667,16,0.2000,0.05000000
3880,3,0.9167,0.10185185
1978,3,6.0333,0.06557971
2447,5,2.5000,0.02272727
3019,2,0.1000,0.10000000
2496,6,1.8167,0.05190476
3040,16,0.1000,0.10000000
1429,4,0.3000,0.03750000
553,4,0.1000,0.10000000
2713,2,3.3500,0.04085366
3759,3,0.1000,0.10000000
3435,8,0.1833,0.09166667
1436,5,0.5833,0.04166667
1376,3,1.4333,0.03185185
2871,16,0.1500,0.02500000
3258,5,0.8000,0.03333333
3226,5,92.3833,0.79640805
2815,4,0.2000,0.06666667
3261,5,1.3000,0.10000000
2962,4,0.2167,0.10833333
2382,6,0.6500,0.02708333
3802,7,1.3667,0.02847222
713,7,0.1667,0.08333333
1372,7,0.1000,0.10000000
3649,6,1.3333,0.01826484
2350,4,1.2833,0.02916667
1912,5,0.3500,0.03888889
2462,16,0.2333,0.07777778
533,8,0.1833,0.02037037
2387,6,0.6500,0.05909091
1534,5,0.6667,0.03030303
3554,5,0.4167,0.01543210
573,16,1.3833,0.08645833
2818,5,1.1000,0.03235294
1695,4,0.4500,0.11250000
2956,4,1.1333,0.02635659
3360,5,1.3667,0.01924883
1959,6,0.0833,0.08333333
1383,3,3.3833,0.03677536
1843,6,0.3500,0.03500000
2362,4,0.3333,0.02380952
3419,3,1.2500,0.04807692
2680,5,0.4667,0.09333333
1950,6,193.6167,1.62703081
2136,5,0.2167,0.10833333
3868,9,0.4333,0.00787879
2343,3,0.7167,0.03583333
623,7,0.4333,0.03333333
1754,7,0.7167,0.03771930
1689,1,0.0833,0.08333333
2435,7,0.1667,0.05555556
3586,5,0.8667,0.02113821
2588,3,1.0833,0.04513889
3088,6,0.1500,0.07500000
1304,3,10.7833,0.44930556
1968,10,2.2167,0.02462963
2322,3,10.8833,0.08307888
3304,6,0.3167,0.03518519
3577,3,0.5000,0.06250000
3471,5,0.2333,0.07777778
2320,3,0.6167,0.04404762
1392,3,0.0833,0.08333333
3922,2,0.3000,0.07500000
1498,5,0.6667,0.11111111
1904,6,0.6333,0.06333333
2968,16,0.3167,0.07916667
3004,3,1.0500,0.08076923
3944,6,0.4333,0.08666667
3620,4,23.5667,0.17201946
3264,3,0.0833,0.08333333
3793,16,0.4167,0.06944444
3843,5,0.3167,0.06333333
3280,5,0.8500,0.04250000
3794,16,0.8167,0.07424242
1847,6,0.5667,0.03148148
2567,6,4.0333,0.04583333
1258,7,0.2333,0.03888889
2957,5,1.8833,0.02140152
3892,6,0.0833,0.08333333
1432,6,0.7167,0.05512821
3190,6,2.1333,0.03809524
215,6,0.1333,0.03333333
2207,4,1.0333,0.01987179
3942,6,0.2000,0.03333333
1489,7,0.2833,0.07083333
2142,5,0.6000,0.03000000
1879,6,6.4833,0.03601852
3472,7,0.4167,0.06944444
3126,5,0.2500,0.08333333
1365,4,0.5000,0.02000000
716,6,0.5500,0.02750000
2327,41,0.1500,0.05000000
1326,5,3.6000,0.01884817
2281,4,0.7333,0.06666667
3131,5,0.3167,0.10555556
2580,3,94.0833,2.76715686
2085,6,0.1333,0.06666667
1211,6,0.0833,0.08333333
1413,5,1.2333,0.02868217
2317,2,16.0000,0.20253165
1548,0,0.7500,0.02884615
1558,0,0.2000,0.04000000
2354,5,2.9333,0.05146199
3688,6,1.4667,0.04888889
3359,7,1.7000,0.02833333
3087,5,0.0833,0.08333333
1437,5,0.1500,0.05000000
3718,6,0.1833,0.02619048
2473,16,0.0833,0.08333333
3792,16,0.9167,0.06111111
1381,6,0.2667,0.08888889
2967,16,0.1500,0.07500000
1890,9,1.1500,0.08214286
1769,3,0.0833,0.08333333
1660,3,0.0833,0.08333333
3819,3,0.0833,0.08333333
2449,1,0.3667,0.03666667
3778,4,2.9500,0.04682540
3751,6,0.2667,0.00987654
3879,4,1.3000,0.03714286
3883,2,0.0667,0.06666667
3721,5,0.0667,0.06666667
3300,5,0.8667,0.05416667
3110,16,0.1333,0.01904762
2712,5,0.5833,0.08333333
2891,16,0.2500,0.03125000
1758,0,0.0667,0.06666667
2794,16,0.3833,0.01597222
2503,6,0.1000,0.05000000
3039,16,0.2333,0.04666667
1209,3,1.5833,0.03958333
2227,3,2.1000,0.07777778
525,4,0.0667,0.06666667
3364,17,1.0000,0.04545455
3516,5,1.4500,0.02843137
2158,7,0.6333,0.01919192
3647,3,4.7833,0.06737089
3070,16,0.2167,0.04333333
3876,3,0.5000,0.02380952
1214,9,0.1500,0.03000000
1599,5,0.3167,0.00959596
3776,5,0.6167,0.04743590
720,5,0.7667,0.04259259
3085,6,0.1333,0.06666667
3834,9,0.5333,0.02962963
1753,4,0.0667,0.06666667
2338,6,1.0000,0.05882353
2679,5,0.1333,0.06666667
1199,6,0.1167,0.03888889
3666,7,0.8000,0.02222222
2993,16,4.8333,0.02876984
1389,4,1.4833,0.08725490
2566,2,0.8333,0.05952381
3379,5,1.2167,0.04506173
3658,6,0.3833,0.02948718
2749,16,0.9333,0.06222222
1425,9,0.0667,0.03333333
2360,4,0.8333,0.02192982
1583,0,0.3167,0.03518519
2720,5,0.4000,0.02500000
2001,43,1.3667,0.04141414
1241,6,0.5667,0.02833333
3230,7,0.7000,0.02916667
2458,4,0.9833,0.04275362
3114,4,0.6167,0.05606061
2642,8,0.6000,0.01714286
3287,5,0.2500,0.06250000
263,4,0.8500,0.04250000
2966,16,0.0667,0.06666667
2302,5,2.1833,0.02079365
2747,16,0.1667,0.08333333
1784,5,0.0667,0.06666667
695,5,0.7000,0.02592593
3669,2,0.0667,0.06666667
3947,6,0.7500,0.04687500
1777,4,2.4333,0.05658915
2881,6,0.1500,0.07500000
700,7,0.2500,0.04166667
3884,0,0.1333,0.06666667
3327,4,0.1167,0.05833333
1796,5,24.0833,0.30876068
557,7,100.3167,11.14629630
828,29,0.0667,0.06666667
3263,5,0.5167,0.10333333
1422,12,0.0667,0.06666667
3587,6,0.2667,0.06666667
2268,8,0.1667,0.02380952
411,4,0.1500,0.03750000
2626,16,0.9333,0.02121212
2373,2,0.0667,0.06666667
3679,0,7.5000,0.01592357
2745,16,1.0000,0.04166667
1197,6,0.1000,0.03333333
3279,6,2.5833,0.02663230
2981,14,131.7167,0.32929167
3403,8,0.2000,0.05000000
1141,10,0.0667,0.06666667
3632,7,0.6333,0.02345679
2796,16,0.4500,0.03000000
866,6,0.2500,0.08333333
883,4,0.1333,0.02666667
3842,3,0.5833,0.02916667
1438,6,2.2333,0.03602151
1431,5,2.4667,0.01761905
361,6,0.1833,0.04583333
1183,7,0.0667,0.06666667
2012,16,0.8500,0.01491228
2676,5,0.1333,0.06666667
3007,6,1.8000,0.02045455
3090,6,0.3333,0.01282051
3923,16,0.2000,0.06666667
2378,2,0.0667,0.06666667
3267,5,1.3833,0.03640351
2366,6,0.6833,0.02440476
499,6,0.1167,0.03888889
1869,6,0.7000,0.02333333
1957,5,0.6000,0.01034483
2229,6,0.3500,0.11666667
3176,8,1.7000,0.05151515
1906,5,0.6833,0.03253968
2837,5,0.0667,0.06666667
1452,10,0.1000,0.05000000
2690,6,0.6333,0.05277778
1918,5,0.9000,0.04500000
3453,5,0.0667,0.06666667
2688,6,1.8333,0.03594771
339,3,0.3833,0.03484848
2440,5,0.9000,0.03461538
2147,5,0.7667,0.03194444
2377,6,0.3667,0.01833333
2825,6,27.1000,0.09475524
1225,3,0.3667,0.04583333
402,5,0.0500,0.05000000
672,4,0.2833,0.03541667
3851,3,2.4167,0.06041667
3685,7,0.9000,0.02812500
1837,6,0.3000,0.02307692
1928,2,0.1000,0.03333333
3063,16,0.2167,0.05416667
2534,16,0.0667,0.03333333
3549,16,0.7833,0.03916667
1493,2,0.5833,0.02916667
2459,5,2.2833,0.02537037
537,4,0.3000,0.02142857
2314,8,0.2500,0.03125000
3897,4,0.1167,0.03888889
1947,16,0.1000,0.05000000
3091,10,0.3000,0.01875000
3706,16,0.1167,0.02333333
3094,5,0.1833,0.03666667
2146,5,0.7500,0.01875000
3621,3,22.7667,0.10638629
3439,5,0.4333,0.03095238
337,7,3.5000,0.03431373
400,4,1.6333,0.03024691
3826,4,2.6833,0.04878788
2132,3,0.0500,0.05000000
2570,7,0.9000,0.02250000
3927,2,0.2167,0.03611111
2490,2,0.1333,0.02666667
2668,16,0.2333,0.03333333
1171,8,0.2667,0.02666667
3556,2,0.3667,0.02291667
2910,0,0.9333,0.04057971
1045,14,2.8167,0.01794055
1800,3,55.4667,0.28444444
3480,5,0.5000,0.03571429
744,5,0.5833,0.05833333
1603,5,0.3500,0.01750000
1159,5,0.3333,0.02777778
2428,16,1.5500,0.02313433
1343,7,0.6667,0.01754386
2218,8,0.3333,0.02777778
3380,5,4.3667,0.03096927
2902,10,0.2667,0.01333333
3858,4,3.6167,0.04636752
3839,5,0.1167,0.03888889
1251,7,0.1833,0.04583333
2099,5,0.6167,0.06166667
2494,10,0.0500,0.05000000
3558,4,1.8833,0.04094203
2474,16,0.2333,0.02592593
326,4,0.5333,0.02807018
3674,3,0.3667,0.03333333
1561,3,0.3667,0.02156863
2886,3,0.2000,0.02857143
2542,7,0.0500,0.05000000
2143,5,1.9333,0.04957265
687,6,0.3167,0.06333333
318,5,0.9000,0.01111111
3277,2,0.1333,0.01666667
2738,6,0.1833,0.03055556
3344,8,0.3167,0.03958333
1707,6,0.4167,0.04166667
2015,16,0.7167,0.02239583
246,13,80.4167,0.05561319
1718,9,0.0500,0.05000000
1694,0,20.9167,1.10087719
2341,6,1.9000,0.02794118
2210,5,2.3833,0.03177778
741,5,0.8667,0.01925926
706,7,0.1667,0.05555556
2865,16,0.9667,0.02196970
3867,3,0.5667,0.05151515
1823,4,0.1000,0.05000000
3747,16,1.4333,0.02756410
188,5,0.2833,0.04722222
3738,5,0.6167,0.03083333
2674,4,0.0500,0.05000000
357,5,0.4167,0.02450980
2329,8,0.9167,0.07051282
3773,2,0.0500,0.05000000
3664,3,0.1000,0.05000000
3828,4,1.3667,0.03333333
1983,8,0.1000,0.05000000
2222,5,5.8500,0.05318182
1770,8,0.0500,0.02500000
2389,6,96.7333,4.83666667
3062,6,0.2167,0.05416667
464,7,28.3833,4.73055556
546,5,0.9667,0.06444444
1412,4,3.0500,0.03961039
2434,8,0.3167,0.06333333
412,7,0.1500,0.07500000
684,6,0.2167,0.02407407
3441,6,0.0500,0.01250000
2420,6,5.0833,0.02529022
1848,6,0.2833,0.01180556
3536,5,0.0500,0.05000000
3560,4,3.4000,0.02222222
1242,4,21.2833,0.14094923
1163,3,0.3333,0.04166667
3761,4,0.8000,0.03333333
3337,4,0.2667,0.03333333
1420,6,1.2000,0.02857143
375,7,0.8167,0.07424242
2352,5,0.1667,0.03333333
888,3,4.2000,0.03360000
2339,7,0.1333,0.06666667
1388,4,0.9833,0.02892157
2153,7,0.0500,0.05000000
1923,5,0.2333,0.01794872
671,5,0.1167,0.02916667
2573,10,0.1167,0.03888889
3807,5,1.0667,0.02318841
2589,6,0.6167,0.01813725
1806,3,48.9000,0.25468750
2405,2,1.9500,0.04875000
3850,3,0.4167,0.03205128
3286,2,0.2000,0.04000000
3446,2,1.3500,0.04090909
1224,5,0.5167,0.03039216
2292,3,1.4833,0.03531746
191,7,0.5333,0.02318841
2489,3,0.1000,0.05000000
3097,2,0.3500,0.03181818
3328,13,0.0833,0.04166667
2855,6,0.7833,0.03405797
379,5,0.0500,0.05000000
2331,8,0.5500,0.02500000
1756,7,0.3667,0.06111111
891,4,2.1167,0.03256410
3657,3,1.7667,0.03840580
2695,16,0.1333,0.02666667
3881,4,0.6000,0.05454545
1698,4,0.9667,0.02196970
3635,3,0.1667,0.03333333
643,5,0.1000,0.03333333
2976,11,1.2333,0.04111111
584,3,0.1500,0.01666667
1593,5,0.0500,0.05000000
1401,5,0.7167,0.01405229
1716,6,0.5667,0.09444444
2989,16,242.6167,4.18304598
2394,6,0.6000,0.01500000
1344,11,0.7500,0.02586207
3570,6,4.9833,0.02129630
3668,3,0.3000,0.01578947
1195,6,0.1000,0.02500000
3750,3,1.8333,0.03333333
2275,2,0.2500,0.06250000
3248,6,0.1000,0.02500000
2392,6,0.5167,0.02583333
2741,6,0.5333,0.02962963
645,31,1.6833,0.01438746
2630,16,22.0167,0.09531025
288,6,0.0833,0.02083333
1403,4,6.6000,0.06055046
2290,6,0.3000,0.01666667
3260,6,2.1833,0.01445916
3447,1,2.5333,0.03838384
2892,14,2.0333,0.02675439
2974,2,14.2667,0.16784314
1253,12,0.4500,0.11250000
1014,4,0.3167,0.05277778
2076,8,24.1167,0.58821138
3076,16,0.1833,0.01527778
1595,5,0.0500,0.02500000
319,3,0.0333,0.03333333
3906,8,0.3667,0.02037037
1913,6,0.2167,0.02166667
3589,6,3.3167,0.02287356
3357,4,1.2833,0.02037037
629,6,0.2833,0.02575758
2599,10,0.2667,0.01568627
3779,5,0.2333,0.03888889
2591,5,0.4000,0.01904762
1158,7,1.3833,0.02470238
1501,5,0.5333,0.01616162
1230,4,0.9667,0.02357724
1121,10,0.0833,0.04166667
3314,3,0.9333,0.03589744
343,4,0.5167,0.03974359
330,4,123.2000,3.00487805
1373,4,0.6667,0.03333333
1757,3,0.1167,0.01666667
3483,3,1.1667,0.03240741
2450,4,1.4000,0.01428571
1568,43,24.4167,0.35906863
348,5,0.2500,0.02777778
2237,4,0.2000,0.03333333
1916,5,0.3167,0.01217949
3084,12,0.0500,0.02500000
1329,4,0.5667,0.01954023
1164,4,0.2500,0.03125000
183,5,0.3333,0.03030303
938,9,0.9167,0.01368159
719,5,0.1667,0.03333333
1165,5,0.2833,0.02179487
3448,1,0.0333,0.03333333
3416,3,1.0167,0.04420290
2512,6,1.1333,0.02098765
3623,0,0.3167,0.02638889
505,7,0.0333,0.01666667
2641,3,3.5500,0.02535714
2612,5,3.8500,0.04277778
2437,7,23.8333,0.38440860
2355,3,1.4167,0.03455285
895,3,2.3333,0.02916667
3921,4,0.3000,0.04285714
3238,5,0.6333,0.03958333
1137,5,0.7333,0.02037037
1969,5,0.2500,0.04166667
3681,0,0.0667,0.03333333
2649,5,2.1000,0.03620690
2260,6,0.0667,0.02222222
1450,6,0.6833,0.07592593
329,4,0.1667,0.02380952
3639,7,0.3000,0.01764706
2809,2,0.0333,0.03333333
2398,9,0.2000,0.03333333
3777,5,0.1167,0.02916667
3551,2,0.4167,0.02083333
2719,8,0.1667,0.04166667
1972,4,0.2000,0.01538462
3707,5,0.1333,0.02222222
404,4,1.1500,0.02500000
1387,4,2.9167,0.02581121
1229,6,1.0833,0.02927928
1803,5,1.1000,0.02000000
1210,3,0.0333,0.03333333
2081,5,2.0833,0.02572016
961,6,0.7500,0.05357143
2404,5,2.6167,0.02875458
2261,7,0.0333,0.03333333
2973,3,0.1333,0.02222222
1134,6,0.8667,0.02626263
2675,5,0.2167,0.03611111
3574,5,5.2500,0.02500000
444,6,0.3500,0.02916667
1826,5,2.0333,0.03836478
1218,4,0.0833,0.02777778
902,8,0.2500,0.05000000
2016,16,0.8500,0.01634615
3815,16,0.2500,0.01785714
1827,8,0.0833,0.02777778
1748,3,1.7667,0.02994350
3748,16,0.2500,0.03571429
642,5,0.1000,0.02500000
2640,16,24.6500,0.24650000
1033,5,15.4167,0.16757246
2333,3,0.9000,0.04500000
2702,5,10.6000,0.08907563
2576,5,1.1167,0.05317460
1980,4,0.6333,0.02753623
2122,7,0.0500,0.02500000
920,8,0.3000,0.01666667
1472,3,2.2500,0.03461538
1232,18,0.9833,0.02657658
1268,9,0.5333,0.02222222
670,1,0.0667,0.00666667
2043,7,0.0333,0.03333333
2975,3,0.7667,0.03194444
3762,33,0.1500,0.01875000
2068,8,0.3333,0.00757576
2510,6,0.9333,0.03218391
3943,3,0.1833,0.02619048
1400,6,2.7333,0.02679739
1805,4,40.6667,0.12398374
287,4,0.1333,0.03333333
2157,4,1.6333,0.02512821
342,5,0.1833,0.01527778
1789,3,0.1500,0.00652174
1231,4,0.1500,0.03000000
1813,6,0.1333,0.02666667
3710,2,0.3833,0.02254902
3882,0,0.0667,0.03333333
2126,1,0.1000,0.00416667
2639,16,1.8333,0.01490515
2479,7,0.1833,0.00916667
1154,6,3.6167,0.01864261
3562,4,0.7500,0.05357143
3900,5,1.4500,0.03085106
781,5,2.4333,0.05530303
3288,5,2.7167,0.02538941
522,5,1.3000,0.03023256
3866,3,0.0833,0.04166667
1834,0,0.1500,0.01666667
966,6,0.2500,0.04166667
1821,2,1.4167,0.03148148
2739,16,1.3000,0.04333333
3422,29,0.0333,0.03333333
2887,16,0.8167,0.03141026
1903,5,0.2833,0.02575758
2291,6,0.5167,0.04696970
294,5,0.1667,0.02380952
3887,5,0.5500,0.04583333
3478,7,1.6000,0.01927711
3774,3,0.0333,0.03333333
3605,16,0.0333,0.03333333
2971,6,16.7833,0.27069892
3930,16,0.1333,0.03333333
1741,8,0.4000,0.01818182
1810,4,1.3167,0.03761905
3413,6,1.7167,0.03901515
1977,4,0.4000,0.03076923
3934,3,0.1667,0.08333333
1526,4,1.3667,0.04141414
1178,31,0.0333,0.03333333
349,6,0.9333,0.02666667
354,6,0.0833,0.01388889
457,5,0.7667,0.02555556
2305,8,121.3333,1.89583333
2885,3,1.1500,0.03965517
690,6,0.2500,0.05000000
1385,5,6.0500,0.05401786
2722,6,0.3167,0.01266667
889,6,0.4833,0.01858974
1142,5,0.9500,0.02435897
730,5,0.8500,0.02428571
2448,3,0.2667,0.04444444
478,5,0.0333,0.01111111
2240,10,2.0500,0.01564885
536,5,31.0500,0.60882353
2889,16,0.5667,0.02179487
420,5,0.0333,0.03333333
3680,3,3.2000,0.02388060
2300,6,0.1333,0.01666667
2134,5,1.3667,0.04408602
1871,5,0.2667,0.05333333
3358,3,6.3000,0.03264249
2201,3,1.8500,0.04868421
2535,16,0.2500,0.03571429
453,6,1.0333,0.04492754
1315,6,0.4000,0.02222222
3041,16,0.0333,0.03333333
2379,0,0.5500,0.01571429
3430,4,0.0500,0.02500000
1572,6,2.2500,0.02472527
3919,4,0.7500,0.05000000
2729,28,8.6167,0.01369899
220,6,0.0333,0.03333333
1760,4,0.3333,0.03030303
2651,3,0.9333,0.01314554
2340,1,0.9167,0.04583333
1433,6,0.3833,0.02948718
3146,5,0.1667,0.01666667
1458,4,0.1667,0.03333333
1582,3,2.5167,0.06990741
2874,3,1.2167,0.04345238
816,6,0.7333,0.02222222
1254,6,0.1667,0.02083333
3572,3,0.4000,0.05000000
1539,11,6.1000,0.02089041
3127,5,0.2167,0.02407407
1781,5,0.0833,0.04166667
3484,5,1.1500,0.04259259
1927,2,0.4500,0.03461538
1398,4,2.4500,0.02816092
565,4,1.1667,0.02651515
295,3,0.3667,0.07333333
1424,2,0.1167,0.02916667
2904,4,2.3333,0.03111111
2714,4,0.3000,0.03333333
1563,5,0.4833,0.01421569
3322,8,0.0333,0.01666667
2242,6,0.8500,0.01666667
2611,7,0.3500,0.01842105
2969,16,0.1000,0.01111111
2485,3,3.4833,0.02809140
2985,4,0.6333,0.10555556
1598,5,0.3833,0.03194444
3066,16,0.1833,0.02619048
2325,1,216.7667,8.33717949
1819,3,2.0333,0.02904762
1397,2,0.1000,0.03333333
1294,8,0.2667,0.01904762
3249,2,0.3167,0.03166667
439,7,0.0833,0.02777778
440,10,0.0500,0.02500000
1190,6,0.0333,0.03333333
3005,4,0.1167,0.02916667
2539,16,0.2833,0.02575758
1804,3,1.5833,0.05107527
3931,16,0.1667,0.03333333
2762,16,0.0500,0.01000000
413,9,0.1500,0.02142857
1153,5,1.3833,0.03458333
1428,5,1.6000,0.03265306
1130,6,0.1500,0.07500000
654,5,17.3333,1.08333333
893,1,33.6833,0.09707012
1266,9,0.7000,0.02187500
2036,3,85.2833,1.85398551
2279,4,0.9333,0.02393162
2821,3,0.7833,0.02373737
2883,4,0.0333,0.01666667
2451,6,1.4333,0.04215686
3663,2,183.2667,36.65333333
3440,6,0.3333,0.02222222
2777,3,0.5500,0.01774194
3797,4,0.5000,0.01785714
1352,7,44.2167,0.05668803
3339,6,1.4167,0.02951389
2924,4,0.6500,0.03823529
2540,4,0.1167,0.02333333
1173,3,0.4333,0.05416667
1761,4,1.2000,0.03157895
1723,8,0.5667,0.05151515
2185,5,0.0333,0.03333333
894,4,4.3833,0.03153477
1405,6,0.9500,0.01696429
364,11,189.1833,3.63814103
738,5,0.2833,0.01666667
3135,3,2.6333,0.03708920
1523,6,0.5833,0.01767677
3136,1,0.0500,0.02500000
1988,6,0.1333,0.06666667
1787,6,0.1167,0.02333333
3224,2,0.3167,0.03518519
1362,4,0.6500,0.04333333
1128,6,8.1167,0.06291990
3351,5,0.0333,0.03333333
673,6,0.2833,0.02833333
1529,5,0.1000,0.02500000
1461,4,2.6833,0.02048346
516,4,1.6500,0.03300000
2543,4,9.5167,0.05287037
3051,16,0.1000,0.05000000
1198,6,0.1167,0.02916667
2986,20,0.0333,0.03333333
387,6,0.0333,0.03333333
1040,6,0.0667,0.03333333
1168,4,1.9667,0.06145833
3920,4,1.3000,0.04333333
2196,7,0.2833,0.01666667
3573,5,0.5000,0.04166667
1870,5,0.1500,0.02500000
2294,0,2.7500,0.34375000
2845,5,0.3167,0.01759259
1746,7,0.6667,0.02083333
2944,4,0.9000,0.02093023
1774,8,1.8167,0.01798680
3038,16,0.2000,0.04000000
1143,5,0.4667,0.02916667
1971,5,9.3500,0.01579392
441,4,1.0333,0.03827160
365,5,1.0667,0.01871345
1038,4,0.0333,0.03333333
2010,16,0.3167,0.00620915
1892,17,1.5000,0.02238806
2273,3,1.0167,0.02163121
3582,5,0.1833,0.01833333
2704,7,7.5000,0.01724138
1115,4,0.3667,0.02820513
3214,3,0.2167,0.04333333
3245,16,30.1667,2.32051282
2008,6,0.0333,0.03333333
2795,16,0.4333,0.01444444
1417,5,115.5333,0.78063063
3910,9,0.5333,0.02222222
3239,6,0.2333,0.02916667
2977,5,0.0333,0.03333333
323,6,0.0833,0.01666667
3016,16,0.0333,0.03333333
2139,5,0.1500,0.03750000
204,4,45.2333,0.13149225
3382,5,70.7667,1.76916667
3151,3,53.5500,3.82500000
3240,3,0.7167,0.02107843
2931,7,0.1167,0.00972222
1337,6,0.9500,0.01583333
1907,6,0.0833,0.02777778
451,1,0.7167,0.04777778
596,5,0.9667,0.03118280
324,7,0.0333,0.03333333
1535,4,1.7667,0.02208333
2896,2,0.2833,0.07083333
3444,6,0.7833,0.01424242
2193,0,0.7333,0.01746032
297,5,0.0500,0.02500000
1853,6,0.4833,0.03020833
676,18,0.5167,0.01565657
1321,7,0.5000,0.02500000
2926,7,0.3167,0.02638889
3548,3,0.3500,0.07000000
3694,16,0.2667,0.03809524
2219,13,1.1167,0.02278912
1835,5,0.5500,0.02894737
2144,5,1.6833,0.01618590
1735,7,0.3000,0.02142857
1730,7,0.4667,0.01228070
3878,3,0.0333,0.03333333
1219,6,0.2833,0.02575758
425,5,0.4667,0.02592593
1300,5,0.0833,0.01388889
2308,11,0.4333,0.00984848
2581,5,2.0167,0.02880952
2282,4,0.3333,0.03333333
2601,4,0.9167,0.03525641
2277,4,0.8167,0.03402778
3155,5,0.7167,0.01524823
3047,16,0.1500,0.01666667
2170,6,2.3833,0.02186544
2475,0,0.8833,0.01497175
1515,7,0.1833,0.01833333
3010,4,0.3833,0.01825397
1435,6,0.2000,0.01666667
2751,4,0.3667,0.01833333
1802,6,0.0667,0.02222222
2647,5,4.2667,0.03555556
916,4,132.3833,0.60449011
3476,4,1.6000,0.02253521
3259,13,0.3667,0.02444444
1386,4,0.5667,0.02361111
2006,4,23.3000,1.01304348
2461,7,0.9333,0.02222222
3895,5,0.5167,0.03974359
474,4,0.0833,0.02777778
445,3,0.0667,0.03333333
3152,6,1.3833,0.01646825
1839,6,0.2167,0.01969697
1917,5,0.8833,0.02523810
3822,5,0.4167,0.05952381
897,6,0.5333,0.02133333
206,5,0.5667,0.02982456
1189,6,0.0500,0.02500000
3767,5,0.5333,0.03555556
3319,5,0.5667,0.03541667
3627,4,1.1500,0.02948718
264,3,1.3333,0.03100775
1439,4,5.6500,0.02615741
370,5,0.0667,0.02222222
1797,3,1.0833,0.03494624
1512,3,0.5167,0.05740741
3711,5,0.2667,0.01777778
659,5,0.0833,0.01666667
3607,9,0.8167,0.02207207
1867,7,0.1167,0.02916667
2347,3,2.5500,0.02179487
262,5,1.4500,0.03815789
3075,16,0.4833,0.01611111
733,5,0.0167,0.01666667
2697,16,0.4000,0.02500000
2335,4,0.1500,0.01666667
2844,8,0.5833,0.01666667
2803,16,0.0667,0.01666667
1247,6,0.8333,0.02314815
3825,0,0.3167,0.03958333
1715,3,0.1167,0.02333333
3042,16,0.1167,0.01060606
666,5,0.2833,0.03148148
3044,16,0.0833,0.02777778
3805,6,1.1333,0.04047619
2038,10,0.3333,0.01754386
885,10,1.5333,0.01991342
273,5,0.5667,0.02361111
3278,16,0.4333,0.01444444
3120,14,0.0167,0.00833333
641,6,0.1500,0.01500000
1852,6,95.0833,2.97135417
712,7,0.2500,0.05000000
1731,7,0.2167,0.02708333
3622,5,0.1333,0.01212121
864,7,0.0667,0.02222222
1751,6,25.1833,0.24214744
1897,9,0.8833,0.03680556
472,4,4.0500,0.02812500
347,5,0.0167,0.01666667
1320,6,34.5167,0.93288288
1537,6,2.0500,0.05540541
2781,6,0.0167,0.01666667
2121,8,0.1167,0.01666667
322,5,1.0833,0.01867816
531,1,0.0333,0.01666667
2835,5,0.6167,0.02681159
3008,6,4.7500,0.03145695
3032,6,0.1333,0.01111111
3028,9,0.4000,0.02105263
1704,0,2.9667,0.02648810
3702,16,0.0833,0.04166667
2198,3,0.4333,0.03939394
817,6,0.9000,0.02142857
1270,9,0.5667,0.01888889
2880,16,0.3667,0.01594203
3350,3,2.0333,0.03765432
2501,6,0.2333,0.01944444
1160,5,0.9000,0.01267606
1560,8,0.4833,0.03222222
3093,5,0.3167,0.01055556
3231,7,0.1000,0.03333333
3898,5,0.8333,0.02380952
1763,4,0.6833,0.03416667
3563,2,5.2833,0.03569820
2234,12,72.1000,0.26410256
1319,10,0.5167,0.02152778
3673,8,0.1000,0.01428571
739,5,0.2000,0.01818182
461,2,0.5667,0.02179487
604,5,0.2667,0.01481481
608,6,0.1333,0.02222222
896,8,0.0167,0.01666667
3298,5,2.1000,0.02592593
800,6,0.1667,0.01666667
3481,5,0.3500,0.02500000
2224,8,0.2167,0.01083333
3891,3,0.0167,0.01666667
2862,16,0.1833,0.01833333
1024,3,3.2667,0.20416667
328,6,1.7833,0.03715278
2497,5,2.6500,0.02500000
1374,6,1.9667,0.01755952
1786,5,0.2667,0.01904762
2023,16,0.7000,0.01093750
1714,4,4.7000,0.02937500
2102,6,0.0833,0.02083333
1527,9,0.0333,0.01666667
1979,4,3.0000,0.02459016
2424,31,0.4500,0.01800000
2429,16,0.6000,0.02727273
1486,10,0.2333,0.01794872
2917,4,0.0833,0.00925926
3179,5,0.8000,0.02162162
1608,7,0.2833,0.00658915
1759,4,1.1500,0.04259259
3555,9,0.3167,0.00791667
1584,9,0.3000,0.01764706
2502,6,0.2167,0.02166667
2901,6,0.0833,0.01388889
2020,16,0.3167,0.01376812
1235,10,0.1000,0.01666667
2673,5,0.0167,0.01666667
3936,5,0.8000,0.01860465
731,5,0.0167,0.01666667
1799,8,7.6167,0.10578704
3191,3,1.5000,0.03750000
2415,7,0.0167,0.01666667
3475,6,0.7833,0.01910569
1793,7,0.2333,0.01794872
1469,9,0.0333,0.01666667
1200,6,0.1500,0.01875000
1390,5,1.2833,0.02333333
3925,7,0.0333,0.00416667
351,3,0.0167,0.01666667
2077,5,0.6333,0.01979167
3720,6,0.4000,0.02222222
362,4,0.4333,0.02166667
1359,4,0.6167,0.02569444
3877,5,0.1500,0.01666667
2778,5,0.1833,0.02037037
3846,5,5.7500,0.07098765
2124,7,0.3667,0.02820513
3545,4,1.9500,0.02321429
1571,3,1.5667,0.01958333
2026,16,0.8833,0.00768116
3368,4,8.9667,0.04190031
2432,3,1.3833,0.02943262
2848,16,2.1333,0.02844444
1697,10,0.0167,0.01666667
3790,4,0.4000,0.01600000
2731,6,0.5000,0.01923077
1610,6,0.0167,0.00416667
2140,5,0.4333,0.02407407
2278,2,0.0667,0.03333333
1956,6,0.2333,0.01458333
555,5,1.2333,0.02055556
2877,8,3.3500,0.01018237
2958,4,0.8167,0.02634409
2014,16,1.2667,0.01688889
1050,14,0.0500,0.01000000
3125,15,2.3167,0.01245520
2631,16,26.0500,0.29942529
2488,2,79.3167,0.58753086
3311,6,0.1500,0.00882353
1954,6,5.4167,0.12896825
890,6,1.5833,0.02473958
2183,26,14.3667,0.03063255
1331,4,1.0833,0.02166667
630,7,0.0333,0.01666667
372,7,0.0167,0.00833333
3306,9,0.2667,0.01666667
3813,5,0.5000,0.03333333
3859,5,11.8167,0.56269841
3695,16,0.1500,0.05000000
820,10,0.0167,0.00833333
3676,5,0.2833,0.01011905
2788,7,0.2667,0.01333333
1357,48,0.0833,0.02777778
2965,16,0.1667,0.02777778
1488,5,0.1333,0.01904762
2272,3,75.9833,1.16897436
2847,5,0.0333,0.00222222
1851,6,0.5000,0.01136364
3349,7,0.1333,0.01333333
1573,3,1.3000,0.02407407
2110,0,3.6833,0.02046296
1521,6,1.7333,0.01786942
2948,7,0.9333,0.01761006
653,4,0.4000,0.01904762
1543,5,2.1667,0.02610442
3036,16,0.1333,0.01904762
3046,16,0.1500,0.01363636
1353,5,4.7500,0.02461140
3660,8,0.0500,0.01250000
2814,7,1.0333,0.03229167
2943,4,0.9000,0.02142857
914,8,120.7333,1.47235772
751,5,0.4000,0.02857143
2421,15,1.2000,0.03333333
3795,6,0.3333,0.01587302
865,8,0.0500,0.01666667
321,7,0.1667,0.01388889
2027,16,0.3333,0.02222222
949,5,0.0667,0.00740741
2817,4,1.6000,0.03018868
448,3,0.0333,0.01666667
2195,4,3.9333,0.01881978
912,6,1.4833,0.01612319
300,4,0.6667,0.03921569
2942,4,0.5000,0.07142857
3140,4,0.4500,0.03000000
3424,4,0.2333,0.02916667
3291,7,0.2167,0.01969697
1322,6,316.8167,1.05254707
1974,2,1.0500,0.03088235
1244,4,4.6333,0.03195402
2181,6,1.5833,0.02683616
3109,2,0.1000,0.01250000
2816,8,0.1500,0.01875000
2238,1,5.7667,0.02081829
2334,6,1.3500,0.02327586
3800,5,0.5333,0.02318841
3671,7,0.3000,0.01875000
2669,16,0.1667,0.04166667
3831,5,1.5000,0.01351351
1910,6,0.0500,0.01666667
2905,4,1.2167,0.01962366
2735,6,0.2000,0.01818182
2705,0,0.7333,0.01496599
2536,16,0.1333,0.01481481
1020,6,0.0833,0.02777778
667,1,0.0167,0.01666667
3202,2,0.0333,0.01666667
2330,7,0.1333,0.04444444
410,8,1.2167,0.01580087
1801,4,1.2667,0.02435897
454,5,0.6333,0.04523810
832,5,0.3167,0.01979167
899,4,0.2333,0.02333333
189,6,0.2333,0.01794872
1516,5,0.8000,0.04444444
1946,12,0.5667,0.02463768
3078,16,0.0667,0.01666667
1012,5,2.6500,0.02190083
1556,4,0.0500,0.01250000
3712,6,0.4667,0.02745098
1520,3,1.0833,0.02256944
3138,6,0.0167,0.01666667
2615,9,1.4667,0.02291667
1570,6,0.1667,0.02380952
575,3,0.0167,0.01666667
2307,8,4.4333,0.55416667
3237,16,1.8167,0.02242798
2700,7,0.4833,0.02101449
2840,6,0.6333,0.01759259
2643,16,0.0667,0.00833333
3310,16,0.7833,0.04122807
3227,7,14.0333,0.12309942
2161,3,0.0333,0.01666667
1348,22,0.1833,0.01222222
2388,6,0.2000,0.01333333
887,3,0.0167,0.00555556
2920,16,21.4167,0.89236111
3050,16,0.0333,0.00277778
3370,5,0.3833,0.03194444
3470,4,0.6333,0.05757576
256,6,0.0667,0.01666667
2670,0,0.3667,0.01078431
3242,6,2.8500,0.01592179
2427,16,1.5167,0.02973856
1188,7,0.0833,0.02083333
513,5,0.1167,0.02333333
3725,5,0.0333,0.00555556
390,8,0.0333,0.01666667
3853,6,0.3167,0.02111111
3541,4,86.8000,0.07547826
3080,16,0.1167,0.01944444
2941,16,0.8000,0.02105263
1936,0,0.1000,0.01666667
1567,43,0.4333,0.03333333
466,7,0.0167,0.01666667
736,5,0.5833,0.01121795
2928,4,0.6833,0.01366667
3348,5,0.4667,0.02592593
2256,9,0.1333,0.01111111
2791,16,0.1000,0.01250000
2316,5,100.8667,0.25600677
1131,6,0.2833,0.02361111
2297,8,25.0333,0.30905350
3410,16,19.6833,0.12457806
844,6,0.0167,0.01666667
3683,2,0.0667,0.01666667
2771,5,4.8500,0.02354369
2141,5,0.8000,0.02962963
2839,9,0.0667,0.00740741
3714,29,0.8000,0.01632653
1750,39,16.7333,0.41833333
3677,5,0.9167,0.02777778
1562,3,0.6000,0.02727273
2808,8,0.1667,0.01282051
2336,4,0.9667,0.02929293
320,5,0.3500,0.03888889
1987,6,0.2333,0.01794872
1434,5,1.3000,0.02708333
3217,3,1.0167,0.02118056
735,5,0.1167,0.01944444
2463,7,0.6167,0.01989247
476,7,0.7333,0.02444444
2736,6,0.5667,0.01452991
2753,2,0.2500,0.02777778
422,7,0.0833,0.01041667
1496,5,0.1833,0.02619048
1369,9,0.0667,0.01111111
729,5,0.0333,0.01666667
2804,16,0.5333,0.01975309
200,4,0.1667,0.02083333
378,3,11.5667,2.89166667
1943,6,18.6667,1.43589744
403,3,0.0167,0.01666667
3462,16,0.4833,0.02013889
3803,16,0.0667,0.02222222
3689,3,0.0167,0.01666667
3902,5,1.3167,0.01854460
3940,6,0.1167,0.01458333
2128,6,1.3000,0.10833333
2180,5,0.8000,0.01126761
3083,16,0.0667,0.01333333
3450,6,0.7167,0.02654321
2097,0,2.2167,0.01802168
2585,8,0.7833,0.01566667
3025,3,0.2333,0.02916667
1955,6,0.7333,0.01788618
1574,4,0.8833,0.01766667
2827,16,0.2000,0.01333333
1495,3,2.9500,0.06555556
358,8,0.0833,0.02083333
1554,9,0.2833,0.03148148
317,41,233.9667,0.65720974
3122,14,0.7833,0.02797619
431,1,0.0667,0.02222222
1691,3,0.1667,0.02083333
2812,16,0.0167,0.01666667
2390,6,1.0833,0.03735632
2876,16,5.6833,0.03139963
941,6,0.4167,0.03787879
708,7,0.0333,0.01666667
3913,16,0.0333,0.01111111
651,7,28.3000,1.76875000
3591,6,0.1000,0.01000000
1402,4,7.4667,0.02715152
1596,5,0.2000,0.01333333
2133,5,0.6667,0.03333333
1776,3,0.0333,0.01666667
2836,3,0.9500,0.03518519
3594,3,0.2667,0.02424242
475,48,0.0167,0.01666667
3643,6,1.7500,0.02011494
1510,3,0.3000,0.01428571
1780,6,0.1167,0.01166667
2770,5,0.1167,0.02333333
2979,8,10.0000,0.02375297
2044,5,0.4333,0.01203704
1279,4,0.3167,0.01376812
2396,9,0.0500,0.02500000
3399,19,8.8833,0.03879185
2730,7,0.4833,0.02196970
2059,8,0.2500,0.01923077
3760,5,0.6833,0.01138889
2004,6,0.1667,0.02777778
2484,5,0.1833,0.02037037
2171,3,2.4500,0.01737589
1449,7,0.1500,0.02500000
3937,6,0.0667,0.00444444
1157,7,1.6667,0.02777778
1902,5,0.8167,0.02722222
2592,0,0.1333,0.02666667
2066,7,0.2667,0.00888889
1964,5,48.3000,0.70000000
382,6,1.2333,0.01840796
2057,7,0.6000,0.00952381
1712,0,0.2500,0.01666667
331,6,276.2000,4.52786885
1313,3,8.3833,0.32243590
380,11,0.1667,0.00925926
430,4,2.8833,0.02669753
1530,5,0.4167,0.02083333
3662,2,0.0167,0.01666667
1989,7,0.2333,0.00614035
863,5,0.4167,0.01811594
1822,8,0.3833,0.01916667
371,5,6.6167,0.16965812
995,7,0.1167,0.01666667
449,7,0.0167,0.00833333
3811,5,3.4833,0.04146825
3686,4,0.1500,0.03000000
3289,2,0.1500,0.01666667
3445,3,0.1500,0.01875000
3945,6,0.1167,0.01458333
1944,7,0.2000,0.02222222
2773,5,0.0167,0.01666667
2932,16,25.7667,2.86296296
3874,4,0.6833,0.01952381
2368,5,0.1833,0.01666667
3512,7,1.4000,0.02692308
2632,16,6.3000,0.03913043
3678,8,0.0833,0.01190476
2326,0,0.9333,0.03218391
2156,4,0.2000,0.01250000
3629,8,0.0333,0.01666667
2239,10,2.5333,0.01613588
2509,9,0.8667,0.02626263
2550,8,0.0500,0.01000000
3313,6,49.4667,0.35082742
1399,5,7.0667,0.02860999
2859,16,0.2333,0.02121212
3719,9,0.0667,0.01666667
2694,16,0.1167,0.03888889
1742,8,0.3000,0.02500000
3901,4,1.5000,0.02727273
2934,16,20.2167,0.72202381
3418,7,0.0500,0.01250000
3374,2,84.3333,0.65885417
2774,6,0.0333,0.01111111
556,5,0.0833,0.02083333
619,8,0.0500,0.01666667
3520,16,0.4167,0.01388889
3699,16,0.2167,0.02166667
3381,6,0.0667,0.01666667
2252,7,1.8833,0.01921769
3340,6,1.2833,0.06754386
399,4,29.0000,0.96666667
1118,8,0.0167,0.01666667
2900,4,0.2333,0.02333333
2776,3,2.2500,0.01859504
691,7,0.0667,0.02222222
2375,5,3.2833,0.02525641
1323,5,0.3833,0.03484848
3928,3,0.0667,0.01666667
393,4,0.0167,0.01666667
3037,16,0.7500,0.07500000
3469,10,0.0833,0.01666667
298,7,0.0833,0.01190476
2988,6,4.5500,0.15166667
2173,6,14.2000,2.02857143
392,4,0.0333,0.01666667
3809,5,1.1167,0.01127946
1179,4,1.3833,0.03640351
1995,4,4.3667,0.01796982
2575,9,1.1833,0.02629630
2782,6,0.1333,0.02222222
2721,1,1.3000,0.00977444
3394,7,0.4000,0.01333333
662,5,0.1667,0.02380952
1540,7,2.7000,0.04029851
203,5,0.4500,0.02647059
2802,16,0.2500,0.02500000
660,7,0.0833,0.02083333
3017,5,3.2500,0.02462121
972,6,0.0167,0.00833333
2517,5,1.0000,0.01666667
1536,7,1.9333,0.01726190
830,4,0.1667,0.01851852
755,5,0.2000,0.05000000
3222,6,1.9333,0.01324201
810,6,0.0333,0.00333333
3438,16,0.4500,0.02045455
2409,2,0.2167,0.05416667
3584,3,0.1333,0.02222222
2537,16,0.0333,0.01666667
2572,8,0.1833,0.04583333
3295,5,0.4000,0.00833333
3404,8,3.2000,0.01828571
1269,9,0.5167,0.01845238
707,7,0.1667,0.02083333
674,4,0.4500,0.02812500
1838,6,0.7667,0.02738095
2689,7,1.0167,0.01037415
1037,5,0.1667,0.01515152
1416,6,0.2000,0.04000000
194,5,0.0167,0.01666667
3378,3,1.0833,0.02642276
238,3,0.0667,0.01111111
1246,8,0.4500,0.03214286
3460,6,0.0667,0.01111111
2395,9,0.3000,0.01666667
491,8,0.0167,0.00555556
2098,0,0.2667,0.05333333
1767,5,0.1500,0.01250000
3788,4,0.8833,0.02523810
1990,6,6.1000,0.10892857
2430,3,0.1667,0.02777778
3640,9,3.4833,0.02977208
2806,16,0.5000,0.00980392
3524,5,0.2500,0.03125000
797,6,1.0667,0.03137255
2137,5,1.1500,0.04107143
561,5,9.8333,0.06469298
1382,1,19.8833,0.13618721
743,5,0.0167,0.01666667
3602,7,30.7833,0.18107843
3077,16,0.4000,0.02000000
1129,7,1.7833,0.04053030
524,7,0.1500,0.01363636
999,4,0.3333,0.00980392
1336,6,0.1500,0.01500000
1150,6,0.3000,0.03333333
779,6,0.6167,0.04111111
2860,16,0.2667,0.01777778
2923,16,0.5000,0.01351351
2879,7,0.1333,0.01666667
2370,6,0.1000,0.01666667
2849,3,4.2500,0.02135678
3071,6,0.8000,0.01095890
3557,4,0.2500,0.01923077
2716,8,0.6833,0.01485507
3847,5,0.6333,0.02043011
2419,6,4.1000,0.02440476
2769,8,1.8167,0.04224806
3938,7,0.6167,0.02055556
2618,16,1.8667,0.02522523
1262,6,0.9167,0.01238739
3124,14,1.3500,0.01626506
1034,4,0.3667,0.01182796
2208,3,1.2667,0.07916667
3799,5,57.4000,0.94098361
1549,6,0.5667,0.02179487
3434,8,0.2667,0.04444444
2571,6,0.0500,0.02500000
1880,3,0.8500,0.02179487
2455,5,0.3167,0.01862745
2391,6,1.1500,0.03593750
276,5,0.3833,0.02738095
582,4,0.0833,0.02083333
3871,9,0.1333,0.02222222
2590,11,0.0167,0.00555556
749,5,0.0333,0.01666667
1032,42,0.0500,0.01250000
3345,4,0.0167,0.01666667
685,7,0.0667,0.02222222
3787,4,0.0500,0.00714286
3303,2,0.2667,0.03809524
3552,0,0.1500,0.02142857
2155,5,25.8833,0.31954733
569,4,0.0167,0.00416667
2053,6,0.2000,0.01000000
2790,2,0.2000,0.02222222
1792,7,1.9500,0.02031250
2492,4,1.1000,0.03333333
1725,7,0.4667,0.02456140
3324,16,0.1833,0.00964912
1818,5,0.3833,0.02395833
2544,5,0.0500,0.01250000
2711,6,0.4333,0.04333333
1172,6,0.9000,0.01800000
939,7,1.7500,0.01100629
1358,1,0.1500,0.01363636
935,8,0.1833,0.02291667
1275,9,0.2167,0.01805556
269,4,3.9167,0.01910569
1468,3,0.0833,0.01190476
3375,0,0.0500,0.01250000
2888,16,0.4667,0.02745098
3361,0,3.9333,0.04627451
2650,33,0.3500,0.01750000
1004,19,0.0167,0.01666667
580,15,0.0333,0.01111111
740,5,0.2167,0.03611111
3297,6,1.5833,0.02878788
2648,5,21.5500,0.43979592
650,6,0.4000,0.01818182
523,1,0.1000,0.01000000
3544,10,9.3500,0.02006438
386,6,0.0167,0.01666667
3414,3,0.0833,0.01666667
1306,10,0.2667,0.02051282
3269,7,0.2000,0.01818182
314,7,0.0333,0.01666667
2054,4,0.3667,0.02291667
2929,5,0.3500,0.01346154
1724,3,0.0167,0.01666667
1997,32,0.2167,0.00942029
289,4,0.5833,0.02333333
1808,4,0.2000,0.02222222
1940,6,0.0500,0.01666667
2961,4,1.9167,0.02309237
292,5,0.0500,0.02500000
2108,0,4.6000,0.01270718
3703,16,0.5333,0.02807018
2895,0,1.3000,0.03250000
2194,6,0.2833,0.01574074
2472,16,0.1000,0.01666667
2135,5,0.9667,0.03222222
1332,8,0.1167,0.01944444
2149,5,1.2333,0.03008130
356,6,0.2167,0.01444444
2995,4,3.5333,0.02872629
2250,7,0.0500,0.01250000
3717,7,1.5667,0.01740741
903,6,0.5000,0.02631579
1467,6,1.7167,0.02019608
3698,16,0.4167,0.02604167
3112,6,0.2667,0.04444444
3335,7,8.4333,0.17569444
1169,4,2.4000,0.04800000
583,6,0.1167,0.00897436
3235,16,0.2167,0.00698925
872,6,0.0167,0.01666667
2049,6,0.4500,0.01551724
2112,5,0.1000,0.03333333
839,5,0.7333,0.01929825
477,8,0.0333,0.01666667
1347,6,0.1667,0.02083333
2092,6,102.8333,0.61210317
3810,4,0.3833,0.01916667
2154,7,1.2667,0.01583333
2079,11,0.2833,0.02361111
2441,13,1.2500,0.02232143
3482,5,11.5667,0.21823899
2970,7,3.6667,0.02025783
2793,16,0.1833,0.02619048
1693,0,2.1167,0.19242424
2288,9,1.0833,0.01593137
2828,6,0.4000,0.02352941
1565,4,0.5333,0.01269841
3443,3,0.3833,0.01742424
2123,6,0.1500,0.01363636
3213,6,0.5500,0.02115385
2775,16,0.0667,0.01333333
3547,6,23.1833,0.33119048
1703,5,0.1000,0.02500000
595,6,0.5167,0.01666667
3253,5,0.3167,0.01979167
1849,6,0.1833,0.00763889
2717,3,1.5167,0.09479167
554,4,0.4333,0.03611111
1524,9,0.2000,0.01428571
214,6,0.9000,0.02727273
748,5,0.5333,0.02222222
702,33,0.4167,0.01302083
1713,3,0.0833,0.02083333
299,5,1.2833,0.03377193
577,4,1.9833,0.03742138
1884,6,0.3167,0.01172840
2940,6,2.0833,0.02062706
3780,5,0.0167,0.01666667
1470,4,1.0833,0.03095238
3581,6,0.7833,0.00767974
1720,10,0.0667,0.00952381
840,6,1.1000,0.01864407
1930,4,0.9833,0.02234848
617,6,0.0333,0.01666667
2315,7,1.0833,0.01692708
1966,6,0.1333,0.01666667
511,10,0.0333,0.01666667
1905,5,0.5333,0.02051282
2930,6,0.2000,0.01818182
960,6,1.0833,0.01484018
426,12,0.0167,0.00833333
2978,5,0.4333,0.01805556
1576,6,0.2167,0.00773810
3855,4,1.3167,0.02633333
2005,6,0.3167,0.01759259
922,9,0.2167,0.01547619
3015,3,0.3000,0.02142857
1233,6,0.0667,0.01666667
2594,3,0.0833,0.02083333
3812,5,0.8167,0.02268519
1594,5,0.1333,0.01333333
1485,6,0.4833,0.01342593
688,6,0.2167,0.05416667
2984,3,0.0167,0.00833333
3367,5,0.7000,0.02333333
1856,6,0.2333,0.01944444
1215,8,0.2333,0.01228070
396,5,3.4333,0.02524510
3219,16,0.0500,0.01666667
2019,16,1.2833,0.00987179
1891,5,0.8167,0.02722222
1825,6,0.1333,0.01904762
1844,6,0.2833,0.01888889
2882,5,0.4000,0.02000000
258,6,0.1333,0.01904762
1317,6,7.5500,0.14803922
376,6,0.2833,0.03148148
2384,6,0.3167,0.01862745
3169,7,0.1500,0.02500000
750,5,0.4500,0.04090909
963,6,0.9833,0.03933333
1736,7,0.1667,0.01666667
1440,5,25.8167,1.29083333
409,6,0.1000,0.01666667
3365,7,1.4500,0.02416667
2299,0,1.1333,0.02833333
2442,6,2.1667,0.02006173
1889,9,0.2000,0.01052632
2959,6,12.8500,0.27934783
293,4,1.2000,0.03750000
2772,7,504.8000,15.77500000
3342,7,1.5333,0.03006536
2082,5,0.5000,0.01086957
3001,9,4.7000,0.03983051
3716,6,0.8667,0.03209877
2568,8,0.1333,0.01666667
1899,3,0.0833,0.00833333
2857,16,0.7333,0.02222222
3153,4,1.4333,0.03412698
994,4,3.0667,0.02920635
925,7,1.3000,0.01805556
3148,4,0.1833,0.01527778
3074,16,0.1000,0.00833333
762,4,706.5833,2.69688295
1862,7,0.2667,0.01777778
3308,16,1.2833,0.01565041
327,5,0.0667,0.02222222
2645,7,0.9833,0.01384977
1500,5,0.5333,0.00634921
3355,5,1.2000,0.03529412
284,4,0.4167,0.02604167
199,4,0.3333,0.02380952
3565,5,0.1167,0.01944444
3241,6,0.4167,0.02314815
1375,5,1.1167,0.03489583
878,8,0.8667,0.01843972
1415,6,1.2667,0.02076503
407,4,0.0333,0.01666667
416,8,0.0167,0.01666667
1578,6,191.5333,3.61383648
1120,4,1.4000,0.02153846
3796,3,1.0833,0.02210884
1334,7,0.1000,0.05000000
2933,16,0.4500,0.01666667
3012,4,0.0167,0.01666667
3726,9,0.1833,0.00916667
2025,16,0.7167,0.01214689
2696,16,0.2667,0.01403509
2070,7,1.2833,0.01051913
1391,5,1.0500,0.01750000
1752,3,0.0833,0.01666667
754,5,0.2833,0.02361111
3220,3,0.2500,0.02272727
1010,4,0.5000,0.02500000
252,4,0.1833,0.01309524
2105,5,10.7667,0.59814815
1553,5,1.4333,0.03675214
752,5,0.4000,0.02500000
3354,7,0.4500,0.03461538
2313,8,4.3833,0.01475870
1272,9,0.8667,0.02063492
350,3,1.2000,0.03636364
3199,4,0.0500,0.01000000
2665,16,0.2000,0.02500000
3600,2,0.3833,0.02129630
709,7,0.2000,0.01176471
2410,6,0.3667,0.01466667
1986,3,0.0500,0.01666667
1809,6,114.3833,0.21103936
3221,5,0.1833,0.00611111
377,3,1.2833,0.03468468
1418,5,7.0667,0.17666667
3396,5,0.8500,0.01700000
809,1,0.8833,0.01077236
2301,8,0.9000,0.02368421
3334,11,2.2833,0.03870056
3682,5,0.2000,0.01666667
1864,4,50.5667,0.31213992
1186,7,0.0667,0.01666667
2685,11,766.8000,8.52000000
2096,7,0.0500,0.01000000
3459,6,5.9000,0.02226415
2810,4,0.6667,0.01904762
2863,16,0.0333,0.01666667
3806,4,0.7833,0.03730159
1411,4,0.3000,0.03333333
3069,16,0.0833,0.00595238
683,9,0.0667,0.01666667
2936,16,24.1667,0.34037559
1845,6,0.1833,0.02291667
1734,7,1.0167,0.02541667
1124,1,0.0500,0.01666667
3618,2,3.2000,0.35555556
1280,4,0.0333,0.01111111
3862,6,0.5500,0.01122449
3408,2,0.4500,0.00789474
901,8,1.8833,0.01569444
2672,8,0.5333,0.01777778
3818,16,0.0167,0.01666667
532,5,3.1167,0.01326241
3888,5,0.4167,0.01666667
2348,3,0.1167,0.01944444
3464,16,0.6167,0.01868687
2622,16,5.2167,0.04458689
2400,5,0.1333,0.02222222
3844,8,0.4333,0.02166667
2438,4,550.9333,3.85268065
1600,5,0.0500,0.02500000
3018,7,0.2667,0.00919540
521,9,0.2333,0.02333333
2090,7,2.6000,0.01566265
1692,0,79.4333,0.60636132
1794,5,0.0667,0.03333333
3916,3,0.8833,0.02523810
3233,4,1.6333,0.02916667
3771,6,0.2000,0.01250000
2369,16,0.1333,0.00666667
394,8,0.0167,0.01666667
567,1,0.1000,0.01666667
3692,6,0.0167,0.01666667
2383,6,0.4500,0.02500000
581,38,0.0333,0.01666667
2899,5,1.4167,0.02053140
1586,6,1.6000,0.01290323
346,7,0.1167,0.01944444
2114,4,0.2500,0.02500000
520,7,0.0500,0.01250000
2799,16,0.4167,0.00886525
3946,6,0.3500,0.01944444
2083,6,0.0333,0.01666667
1588,6,0.4833,0.01464646
2209,4,0.8333,0.03623188
2042,4,3.0333,0.03939394
3294,16,0.0167,0.01666667
1462,7,0.0500,0.01000000
1830,5,1.0333,0.03131313
355,10,0.0167,0.01666667
2911,6,0.5500,0.01486486
2723,4,0.5500,0.00820896
2903,3,0.3000,0.01875000
2963,3,5.3000,0.03464052
2456,3,0.1500,0.03750000
3606,16,2.0167,0.03055556
3775,5,0.8500,0.06538462
2414,7,0.2500,0.03571429
3737,4,1.6000,0.02539683
2425,31,0.0667,0.00952381
3332,3,35.3500,0.40632184
3284,3,0.6333,0.02345679
3200,4,0.0167,0.01666667
3789,4,0.6000,0.01463415
3363,16,0.5500,0.01195652
2727,6,0.2167,0.00942029
2856,16,0.3333,0.01515152
3216,4,0.2500,0.02777778
2915,12,0.1833,0.06111111
467,6,0.1833,0.02619048
2748,16,0.0167,0.01666667
1497,7,0.0833,0.00396825
534,6,0.4667,0.01866667
2283,24,1.3000,0.01074380
3049,16,0.0167,0.01666667
1333,4,2.1333,0.02269504
1885,9,0.1000,0.01666667
606,13,1.0333,0.01291667
1952,5,0.2167,0.01354167
3312,6,0.4500,0.05000000
665,5,0.0667,0.01666667
2919,16,0.5167,0.01845238
2093,6,0.8167,0.01775362
1935,5,0.0667,0.01666667
3411,16,7.8833,0.06461749
2035,7,0.1833,0.02291667
1541,2,29.4500,0.09231975
1542,6,0.8167,0.02268519
2067,7,0.2000,0.00769231
2182,7,0.1000,0.03333333
1790,8,12.7667,0.02386293
2801,16,0.1667,0.01041667
3603,2,2.5500,0.02276786
3341,6,1.2500,0.01302083
253,7,0.6500,0.02096774
2050,6,0.6667,0.02150538
3054,5,1.8000,0.20000000
1963,6,4.9500,0.17678571
3614,4,1.8167,0.01953405
1609,6,2.1333,0.03091787
1274,9,0.1167,0.01944444
1579,5,0.4667,0.02745098
3426,4,1.0667,0.02807018
1276,4,0.9667,0.02612613
1926,8,4.7500,0.21590909
2623,16,2.9167,0.01576577
2807,16,0.2667,0.00606061
1920,5,192.5333,2.56711111
1506,8,0.3000,0.02307692
1036,4,0.1500,0.01666667
3758,4,0.0333,0.01666667
1996,5,1.1000,0.01833333
3769,4,0.1500,0.02142857
898,5,0.4000,0.02105263
265,6,0.0667,0.02222222
2385,6,0.5333,0.02318841
1193,6,0.1167,0.02333333
3192,7,0.9667,0.02685185
3079,16,0.0333,0.01666667
3808,7,0.5833,0.01944444
374,5,0.6000,0.07500000
1958,6,0.5167,0.02460317
211,5,1.3667,0.02102564
1487,6,1.0000,0.03846154
1328,2,0.3167,0.05277778
2188,6,0.5000,0.02500000
3848,5,0.2000,0.01818182
1919,6,0.5167,0.01666667
2433,5,0.4000,0.02105263
3791,4,0.2167,0.00656566
2764,4,0.2000,0.01538462
2030,6,0.3167,0.00673759
2199,3,0.9500,0.02500000
2725,8,0.2833,0.01666667
3417,3,0.9167,0.03819444
1953,4,144.3667,3.13840580
1473,3,0.5500,0.01718750
3130,5,2.3333,0.01741294
1581,5,1.1167,0.05583333
1250,8,0.1000,0.05000000
3111,6,0.0833,0.01190476
734,5,0.2833,0.02023810
3089,4,0.6833,0.01265432
3285,4,0.1000,0.02500000
1273,9,0.5167,0.01666667
2372,6,0.4000,0.00952381
1555,5,0.1500,0.01500000
1277,5,0.0833,0.02083333
1226,6,0.4833,0.02301587
2734,6,0.7167,0.04777778
1464,4,29.4833,0.25199430
2436,5,1.0500,0.02100000
877,6,0.8333,0.01515152
368,6,0.2000,0.02857143
3856,4,0.4000,0.03076923
2504,4,1.5333,0.03650794
455,4,1.0000,0.03225806
1453,4,0.4500,0.00900000
286,4,0.4833,0.03452381
1975,3,0.7000,0.01590909
1430,5,0.2667,0.02051282
2052,5,0.0333,0.01111111
1924,5,0.9500,0.01250000
3863,8,0.9667,0.03452381
845,5,0.6000,0.01621622
2634,16,23.2833,0.32337963
3246,16,20.7167,1.09035088
2276,3,0.0667,0.02222222
3814,5,0.3333,0.04761905
1585,6,4.3333,0.01297405
2357,7,0.0667,0.01666667
2878,6,1.9500,0.01291391
3000,3,0.8500,0.02361111
2106,5,0.5167,0.01324786
2613,10,0.2500,0.03125000
1908,5,0.0167,0.01666667
3757,7,0.8833,0.01549708
2358,8,48.8167,0.76276042
3082,16,0.1333,0.01666667
1749,5,3.3667,0.02569975
1868,7,0.0167,0.00833333
2190,6,0.0167,0.01666667
3452,6,1.0500,0.01312500
1883,4,0.2667,0.01568627
502,4,1.6833,0.02671958
257,4,0.1500,0.01875000
1898,4,0.1333,0.01025641
2982,3,0.0500,0.01666667
1531,5,0.7000,0.02187500
279,3,1.2167,0.02295597
2346,4,0.7833,0.02008547
699,7,0.1500,0.01875000
848,4,0.0167,0.00416667
3455,3,0.4333,0.03095238
2805,16,0.5000,0.03125000
998,7,0.5667,0.01416667
3729,4,0.0167,0.01666667
1409,3,0.8167,0.01814815
2000,6,0.3500,0.01590909
2678,5,0.4000,0.05714286
2954,4,0.0333,0.01666667
714,7,0.0333,0.01666667
737,5,0.8333,0.03787879
3027,7,34.4500,0.12003484
1339,5,44.3833,0.33121891
3477,6,1.1333,0.03238095
2582,3,0.5833,0.02243590
705,7,0.9500,0.02794118
3215,3,0.2167,0.03611111
2743,7,8.4500,0.03434959
1824,7,0.4833,0.01559140
652,3,1.5500,0.02870370
2890,16,0.5833,0.02430556
2162,6,1.2500,0.01315789
2361,6,0.0667,0.02222222
3468,4,3.9500,0.04540230
3550,4,2.5500,0.03035714
2586,11,0.4000,0.01739130
1419,3,0.2833,0.02023810
2949,5,0.5167,0.04305556
2397,9,0.0667,0.01666667
2870,16,0.1000,0.02000000
1881,5,0.2667,0.02051282
1187,7,0.1000,0.02500000
2353,6,0.5333,0.01777778
1394,6,18.9000,0.18000000
2922,16,0.4167,0.01666667
1201,6,0.2167,0.05416667
2270,10,0.1667,0.03333333
694,7,0.2500,0.08333333
2654,7,3.0167,0.01909283
3247,16,9.0833,0.31321839
2150,5,1.9500,0.03046875
1909,6,0.6000,0.02400000
1888,6,0.0333,0.00833333
1948,0,0.9333,0.03333333
447,5,3.9833,0.11380952
450,4,0.3167,0.03518519
997,5,0.2333,0.02333333
1945,7,0.1833,0.02291667
234,3,20.8500,0.47386364
3580,2,0.3000,0.01578947
1022,9,0.7833,0.02303922
3832,6,0.7833,0.01631944
3625,3,0.4667,0.02745098
2935,16,0.3833,0.02129630
3899,3,0.1833,0.01222222
1710,0,0.3667,0.02291667
3437,16,1.6333,0.01585761
1366,3,0.9667,0.02248062
1914,5,0.1333,0.02666667
2579,3,0.0333,0.01666667
1590,6,1.0500,0.01235294
2947,7,5.9333,0.02205700
1719,10,0.5333,0.00846561
2160,5,1.8833,0.01961806
1564,6,1.0000,0.02941176
1407,9,0.0167,0.00104167
3704,16,0.8333,0.03086420
2407,6,0.2500,0.01136364
2481,0,0.0500,0.01666667
3026,16,0.4333,0.02280702
3467,4,0.0667,0.01666667
1256,6,3.3000,0.02275862
512,7,0.3167,0.01759259
3633,8,0.5500,0.01018519
1031,9,0.1000,0.01000000
3189,8,0.9667,0.02416667
2955,1,0.0500,0.01666667
2018,16,0.6667,0.01111111
1985,7,0.1167,0.01944444
443,32,0.0167,0.01666667
1119,7,0.0167,0.01666667
2587,7,0.0167,0.01666667
344,7,0.3333,0.01333333
711,7,0.0833,0.00833333
2287,9,0.7833,0.02117117
3329,16,0.0667,0.00833333
281,5,0.0500,0.01250000
1117,4,0.0333,0.01666667
501,4,1.3667,0.02679739
218,5,0.3667,0.01078431
479,5,1.9167,0.02625571
2894,7,74.2833,0.45853909
2884,5,0.9500,0.02714286
576,8,0.0167,0.00333333
597,9,0.1167,0.00897436
3561,1,0.1833,0.01410256
2184,5,0.0500,0.02500000
1976,3,0.5833,0.04166667
1356,9,0.0333,0.01666667
3397,3,1.0500,0.01265060
2045,6,0.0167,0.01666667
2518,5,1.6333,0.02401961
3543,2,0.1000,0.03333333
3693,16,0.2833,0.02575758
2073,7,0.8333,0.00778816
417,5,0.4167,0.08333333
2203,6,0.2000,0.02000000
2151,5,0.8167,0.02722222
2635,16,71.9667,0.54520202
2062,7,0.5167,0.00532646
2274,21,0.0833,0.02777778
2909,4,0.1167,0.01296296
603,6,1.7500,0.02430556
2724,3,2.0000,0.04545455
746,7,0.9333,0.01666667
3911,6,0.5500,0.05000000
2866,16,0.1333,0.01666667
3875,4,1.9167,0.03484848
3156,4,0.8000,0.02222222
2104,6,0.2000,0.01818182
2220,13,0.0833,0.01388889
3903,4,1.4333,0.02349727
3251,5,0.9000,0.02500000
2600,6,3.5667,0.01706539
1811,6,0.0167,0.00555556
1785,6,0.0500,0.01666667
442,4,148.1833,1.97577778
1942,6,24.7333,0.36372549
1167,6,1.0833,0.01217228
609,4,0.8833,0.01920290
1138,8,0.4833,0.01611111
2011,16,0.9667,0.00716049
886,12,0.2000,0.01666667
503,6,0.4667,0.01505376
3576,7,0.1333,0.01111111
1740,7,0.5333,0.01481481
2399,9,0.3000,0.01666667
686,7,0.2167,0.07222222
862,8,1.8167,0.02422222
1228,42,0.1833,0.04583333
2131,5,0.0667,0.00606061
3687,7,0.0833,0.01388889
3442,16,0.0667,0.01333333
260,7,0.0167,0.01666667
1737,7,0.4167,0.01811594
3869,6,0.1500,0.03000000
1396,7,0.1000,0.01666667
1589,6,1.6667,0.02164502
1866,5,0.0833,0.02777778
1502,5,1.7667,0.05353535
1705,0,1.1833,0.02366667
2511,6,0.3000,0.02727273
2444,7,0.3833,0.01474359
547,4,0.0667,0.02222222
482,5,4.6833,0.03443627
3302,6,0.9000,0.01764706
2908,5,73.1833,0.85096899
1177,4,5.8833,0.14708333
2493,8,0.2833,0.02179487
1446,4,0.1833,0.04583333
428,5,8.6167,0.02400186
3412,3,0.1333,0.01904762
2520,7,0.0667,0.00952381
1587,5,0.4000,0.01818182
1184,7,20.5500,0.30220588
2344,4,0.6000,0.02222222
2577,5,2.4333,0.03578431
1023,6,0.2833,0.02575758
1807,6,0.8167,0.01150235
2691,3,1.3833,0.03547009
796,8,0.0333,0.01666667
2200,6,1.1833,0.02191358
3369,2,0.9333,0.02745098
538,4,0.8500,0.02741935
3436,16,0.6500,0.02826087
2583,5,0.8500,0.02361111
2732,6,0.7167,0.02171717
1325,3,0.2167,0.04333333
644,5,0.1333,0.03333333
722,6,143.2667,7.54035088
1591,5,0.6333,0.01759259
540,6,0.0167,0.00833333
3356,6,2.9167,0.02352151
1011,47,0.0667,0.01333333
1559,6,0.0333,0.01666667
3827,6,0.0667,0.02222222
3006,4,0.3667,0.03666667
2811,16,0.0167,0.01666667
2996,7,0.1000,0.01111111
1941,4,0.1500,0.03750000
3601,28,3.2333,0.17962963
248,8,0.2833,0.03541667
1261,7,125.8000,0.55175439
3670,8,0.6167,0.01712963
2206,6,0.3667,0.04074074
2593,7,0.1000,0.03333333
783,6,1.5667,0.02206573
3353,4,0.6000,0.02608696
2306,9,0.4000,0.02105263
1525,37,0.3333,0.03703704
2718,5,105.1500,0.21285425
3030,9,0.5000,0.03333333
2752,41,0.0667,0.01666667
3817,3,0.6833,0.04555556
2205,9,1.3333,0.01731602
1278,6,0.3333,0.01754386
230,5,0.0667,0.01666667
1842,6,1.0333,0.02026144
2906,7,8.9000,0.03560000
2780,3,0.2167,0.01547619
2925,2,0.2167,0.01547619
2921,16,0.2500,0.02083333
1364,3,1.2833,0.03666667
620,6,0.0333,0.00416667
1739,7,0.3500,0.01666667
1872,3,2.8167,0.04203980
2633,16,1.5500,0.01913580
913,6,144.1000,2.18333333
3522,6,0.3000,0.01000000
3641,9,0.0167,0.01666667
818,7,1.2000,0.02448980
2244,4,11.0000,0.22448980
340,6,0.0500,0.01666667
3915,6,0.1500,0.01153846
198,6,6.3500,0.27608696
3391,16,1.1500,0.01185567
2999,4,0.6833,0.04270833
1921,5,1.0333,0.03974359
316,5,0.0167,0.01666667
2445,7,0.5000,0.01388889
867,7,38.6667,0.36825397
3232,9,0.3000,0.07500000
2247,3,0.1667,0.00641026
3009,4,2.3833,0.02837302
2231,8,1.5500,0.04843750
2439,6,1.8167,0.01636637
2017,16,0.8333,0.01388889
2972,6,0.7667,0.01631206
1846,6,0.0667,0.00350877
3029,8,0.0667,0.01666667
2754,4,1.4000,0.02692308
3108,2,0.0500,0.01666667
2620,16,2.6000,0.01940299
2609,6,0.2000,0.00800000
1260,3,0.9833,0.01820988
747,8,24.7333,0.33881279
2994,5,0.7000,0.01590909
3053,16,0.0333,0.01666667
2823,3,0.2333,0.03333333
1384,5,1.2667,0.01563786
1887,3,0.3500,0.02692308
3325,16,0.4833,0.06904762
2418,0,1.6500,0.03000000
607,8,0.3500,0.01458333
397,5,0.3667,0.02156863
3254,2,0.0167,0.01666667
2413,6,2.3833,0.02227414
760,7,0.3000,0.00681818
697,7,1.0333,0.02026144
1861,9,0.0667,0.01666667
1395,4,5.7833,0.06355311
3454,4,0.0667,0.00476190
2069,8,0.6000,0.01000000
2746,6,0.5333,0.02666667
2192,6,0.5167,0.02460317
3914,8,2.0833,0.01640420
3740,4,0.0500,0.00833333
2629,16,2.2667,0.02336770
2007,4,0.1667,0.02083333
1494,8,17.7000,0.03839479
801,6,4.9833,0.11325758
2820,4,2.5500,0.03591549
1566,43,0.6500,0.01756757
2471,16,0.0333,0.01666667
3031,7,0.0500,0.00833333
3816,5,1.3833,0.03547009
509,6,0.0167,0.01666667
3072,16,0.1000,0.01666667
2480,5,0.0500,0.01666667
3722,4,0.6833,0.03796296
1175,4,5.7500,0.05693069
2715,5,0.2167,0.01969697
2289,5,0.2000,0.04000000
1886,4,0.7667,0.03194444
1840,6,0.4167,0.01388889
2403,16,5.6500,0.03598726
2230,12,0.5833,0.01822917
2029,16,0.8667,0.01354167
2846,8,2.4167,0.02416667
3035,16,0.1333,0.01666667
1192,6,0.0333,0.01111111
3305,7,0.1000,0.02500000
574,6,0.0667,0.01666667
2332,7,0.1833,0.03055556
271,5,0.3167,0.03166667
776,7,2.8000,0.28000000
696,4,4.5000,0.02142857
2103,6,0.0500,0.01666667
1550,0,28.5167,7.12916667
2666,16,0.0167,0.01666667
3268,5,0.8167,0.01666667
1507,4,0.8833,0.01732026
2071,7,0.5000,0.02083333
2109,9,0.0833,0.00757576
3415,7,0.2000,0.01111111
3073,16,0.1833,0.01833333
3929,16,0.1667,0.02777778
2164,6,0.2500,0.02777778
1832,11,0.1000,0.00384615
3020,6,1.0167,0.01210317
3661,4,0.7333,0.01358025
3343,5,3.4167,0.01388889
836,7,0.3833,0.01277778
315,6,0.0000,0.00000000
2457,4,3.5833,0.01288969
3894,5,0.5000,0.02500000
274,44,0.0667,0.03333333
485,5,0.6333,0.03518519
1324,7,1.3500,0.03214286
432,1,0.0333,0.00666667
2726,6,0.3167,0.01507937
2797,16,0.1833,0.01309524
2913,6,0.1000,0.02500000
3873,31,0.1667,0.01388889
1729,7,0.0333,0.00277778
2228,9,49.0833,0.51666667
2960,4,0.8000,0.01250000
233,3,210.5833,21.05833333
2267,8,0.0833,0.00490196
418,6,73.4667,3.19420290
2824,6,0.0000,0.00000000
880,7,0.0667,0.00952381
1345,5,0.5833,0.01881720
3727,3,0.0667,0.00606061
2628,16,144.4333,1.01713615
247,9,211.4167,2.89611872
2120,7,0.1167,0.01944444
1820,4,0.8500,0.01976744
2286,8,0.0000,0.00000000
3252,6,3.4333,0.02543210
3650,8,0.1167,0.00897436
3095,5,0.0000,0.00000000
2236,11,150.8833,0.34846035
2280,6,1.0333,0.01812865
732,5,0.5833,0.00940860
2983,4,2.2167,0.01679293
718,2,0.8833,0.01118143
2740,6,0.2833,0.01416667
2342,4,0.9167,0.01797386
811,7,1083.1833,3.77415796
2800,16,0.0500,0.00384615
3002,5,0.0833,0.00555556
680,12,0.0667,0.00512821
668,5,0.6333,0.01979167
884,6,2.0333,0.50833333
2408,5,3.5500,0.06698113
452,6,0.0167,0.00277778
1454,2,0.0333,0.00555556
964,7,0.3333,0.00416667
3296,2,0.0833,0.00694444
1174,6,0.1333,0.02222222
1216,10,0.2667,0.00987654
761,7,148.7500,0.07371160
2232,16,0.2500,0.02777778
1841,6,0.3833,0.01127451
3323,5,2.3167,0.02165109
2321,6,1.3500,0.01551724
3624,7,0.5833,0.01495726
1855,6,0.2333,0.00804598
3821,5,0.4833,0.02013889
3409,16,0.0167,0.00416667
3525,7,3.1333,0.04476190
3841,7,0.1167,0.00833333
1882,5,0.7833,0.01284153
3820,7,0.2167,0.00802469
2013,16,0.8667,0.00538302
1377,3,121.5500,0.46570881
1604,5,0.0333,0.00476190
3705,16,0.4167,0.01736111
1176,4,1.5667,0.03481481
2858,16,1.8667,0.01794872
936,6,0.1000,0.01111111
3733,3,0.0500,0.01250000
3383,6,0.0000,0.00000000
1982,3,1.7167,0.02417840
2610,6,2.4167,0.10069444
1795,6,1.0667,0.00860215
325,6,1.5000,0.03191489
481,7,26.4667,0.16237219
3301,8,1.6833,0.03914729
568,7,0.0333,0.00666667
856,3,0.5000,0.04166667
504,5,0.1000,0.01428571
3730,2,0.3833,0.01095238
3939,5,0.3500,0.00636364
1267,10,0.1333,0.01212121
1833,9,0.0167,0.00277778
3244,16,0.2333,0.01794872
1026,3,0.3167,0.01666667
1788,5,3.6833,0.01086529
1850,6,0.0667,0.00350877
3168,3,0.0333,0.00476190
3935,5,0.0500,0.00263158
3377,13,0.4167,0.02314815
814,7,255.6500,1.21738095
2223,4,1.2667,0.01919192
2470,6,0.0000,0.00000000
1863,4,2.4833,0.01419048
1271,9,0.5500,0.01195652
539,6,0.8833,0.01962963
415,6,0.2000,0.00571429
1455,24,0.0000,0.00000000
3579,7,0.3667,0.00894309
2265,3,1.8833,0.03138889
2024,16,0.2833,0.01049383
1367,5,0.2167,0.01274510
3588,4,0.7500,0.03750000
715,7,0.8667,0.01884058
3266,4,0.0167,0.00555556
2850,8,0.3000,0.01428571
2251,7,0.4667,0.00707071
518,1,0.0000,0.00000000
2074,7,0.0000,0.00000000
3571,6,1.8500,0.03557692
3770,6,0.6500,0.01000000
2356,7,0.7000,0.01489362
3845,2,0.2833,0.01574074
2295,3,0.0000,0.00000000
2028,16,0.9000,0.01084337
3256,3,2.3833,0.02837302
251,6,0.2500,0.01315789
3150,6,1.7667,0.02420091
1522,6,1.1333,0.04047619
3585,4,5.3333,0.02735043
1607,8,0.4167,0.01041667
2058,8,0.0833,0.00198413
1152,6,1.3333,0.00828157
1929,5,0.4333,0.01604938
2381,6,0.2667,0.01333333
460,4,0.2833,0.02023810
1346,4,0.3667,0.01309524
2089,7,26.1000,0.17058824
3225,5,2.7167,0.05224359
1380,4,0.7833,0.02117117
2950,2,0.4667,0.02745098
3835,6,1.1000,0.00827068
3840,5,0.5167,0.02583333
2129,4,0.0000,0.00000000
1925,5,0.5667,0.02361111
446,10,0.0833,0.00462963
3732,6,0.8333,0.01207729
2699,16,0.2333,0.01555556
470,9,0.1667,0.01190476
2893,7,3.3833,0.06041667
2733,6,0.2833,0.01049383
2138,5,1.3667,0.02578616
1005,7,0.0000,0.00000000
2145,5,1.1500,0.02555556
1305,7,0.3667,0.02820513
3857,7,0.1000,0.00384615
1499,5,0.8500,0.01164384
2627,16,5.0333,0.03145833
753,5,0.5500,0.01833333
2187,6,0.6167,0.01284722
2792,16,0.6667,0.01418440
3626,7,0.3500,0.01250000
2826,6,0.2333,0.01296296
1030,5,1.2000,0.01935484
3160,6,0.0500,0.01666667
2867,16,0.2667,0.01159420
1860,9,2.4000,0.02242991
3236,5,0.3667,0.01410256
1696,3,165.0667,3.51205674
2767,4,0.5500,0.02291667
3293,6,0.2333,0.02592593
759,7,0.1333,0.00380952
1355,9,2.9167,0.01100629
2789,8,2.7167,0.03313008
861,13,0.0000,0.00000000
3182,1,0.0500,0.00625000
424,1,0.3000,0.02307692
2779,5,0.3833,0.00912698
1915,5,0.4000,0.01538462
1465,2,0.2833,0.03148148
1858,9,1.4833,0.01926407
3346,5,62.7000,1.27959184
369,9,0.1500,0.01875000
1361,5,1.1667,0.08974359
3755,0,0.0000,0.00000000
3617,2,27.5333,1.44912281
2742,8,0.9833,0.00638528
3642,7,0.0833,0.01041667
2584,5,0.4500,0.02142857
3154,6,0.9167,0.01455026
2598,12,11.9333,0.02189602
2065,7,0.5000,0.01190476
3575,3,2.0000,0.02173913
782,3,0.0000,0.00000000
1371,4,0.9333,0.01352657
2241,8,1.0833,0.02407407
2495,5,0.2167,0.01083333
237,5,1.1333,0.01511111
2304,7,0.4667,0.01609195
1335,3,2.1667,0.01641414
566,4,0.3167,0.03518519
1951,6,0.9833,0.00697400
2264,8,0.2167,0.01354167
1491,6,0.0667,0.02222222
798,21,0.0000,0.00000000
3128,8,1.6833,0.07013889
602,6,2.7500,0.25000000
3065,16,0.1167,0.01666667
3608,5,1.2667,0.02043011
2964,16,0.2500,0.00625000
3326,16,1.1333,0.02635659
1967,3,0.1667,0.01041667
2703,3,1.0500,0.01666667
3801,2,1.1833,0.03585859
827,21,0.0167,0.00333333
2464,5,0.3333,0.02564103
3485,7,1.5333,0.01144279
3178,3,2.5000,0.02173913
2834,5,0.1000,0.01000000
2266,9,0.0167,0.00833333
1342,7,3.7000,0.01345455
2253,9,0.0833,0.01666667
2861,16,0.3667,0.01594203
3619,16,553.3167,32.54803922
2980,4,1.0167,0.01918239
1738,7,0.2667,0.02666667
3804,9,0.1833,0.01410256
3885,5,0.3667,0.03055556
2078,6,0.5833,0.00988701
2708,6,1.0667,0.01385281
2482,16,0.1000,0.01666667
3611,4,2.0167,0.01723647
1490,8,0.5167,0.02152778
3193,0,0.2500,0.04166667
3893,33,0.0833,0.00833333
1960,5,125.9667,0.92622549
3265,4,0.4667,0.04242424
3064,16,0.0333,0.00208333
2868,16,0.0000,0.00000000
2744,16,1.0167,0.03505747
2088,6,1.8333,0.00814815
1688,5,0.9333,0.02456140
1766,5,0.1000,0.02500000
2319,5,0.0333,0.01111111
3461,16,0.0333,0.00833333
2728,6,0.5167,0.01845238
398,6,19.3667,0.32824859
2766,16,0.2500,0.01250000
1492,5,0.1500,0.01000000
2636,16,2.7667,0.01208151
1340,3,0.4167,0.01344086
1259,5,0.4167,0.02976190
3798,5,0.9167,0.02477477
3742,9,0.2500,0.02083333
3864,3,1.3167,0.02992424
2186,6,0.4167,0.00641026
2516,7,0.7667,0.00723270
598,8,0.8000,0.00740741
2365,6,0.4167,0.02083333
2538,16,0.0000,0.00000000
3781,5,1.4333,0.01791667
3546,4,1.8167,0.10686275
3672,5,1.1000,0.01235955
3139,6,29.6333,0.32564103
3147,4,25.3000,0.90357143
3212,5,0.4833,0.02196970
745,6,0.0000,0.00000000
3427,6,0.3333,0.01960784
2298,7,0.3000,0.01304348
2637,16,2.8333,0.02529762
594,6,0.6333,0.01439394
3255,6,0.6500,0.01625000
2072,8,0.1833,0.00416667
831,8,5.5500,1.11000000
389,8,2.5500,0.23181818
1779,6,1.9167,0.00512478
1817,5,0.1167,0.01666667
3553,6,0.4833,0.01666667
3423,5,0.4667,0.02121212
250,15,0.5333,0.06666667
3860,5,0.5667,0.01491228
2401,5,0.0500,0.00833333
1360,9,1.6833,0.02439614
2318,6,2.9333,0.01929825
3490,7,0.0333,0.01666667
3896,8,0.4000,0.01142857
3290,3,0.0333,0.00144928
1747,2,1.0333,0.03827160
721,7,0.9000,0.02093023
2235,10,8.4167,0.01980392
3275,3,152.6000,0.33835920
3395,6,0.0833,0.00925926
1783,5,0.0500,0.01000000
3183,1,0.0000,0.00000000
962,6,0.2667,0.00683761
2021,16,0.4167,0.00992063
1831,6,0.1333,0.00784314
373,7,0.4667,0.02916667
2202,6,1.8500,0.02434211
2671,4,11.4167,0.07135417
3170,1,0.0000,0.00000000
3785,4,1.6000,0.02807018
3175,6,13.1667,0.08280922
2345,8,0.1333,0.01904762
2258,8,0.1000,0.00714286
3234,16,0.7500,0.01666667
2094,6,4.2000,0.09333333
2646,33,2.0667,0.00833333
2500,5,0.0000,0.00000000
3223,4,0.8500,0.01370968
3320,16,0.4833,0.02101449
2644,6,3.2667,0.01505376
2864,16,0.0333,0.01666667
605,2,0.0500,0.01000000
2380,6,1.3833,0.03547009
255,7,3.2000,1.60000000
2653,0,0.0000,0.00000000
2945,7,0.4333,0.01007752
923,1,10.5333,0.14234234
3347,8,0.0333,0.01666667
3870,9,0.5500,0.03235294
3542,5,0.1667,0.00450450
2443,9,7.5500,0.12583333
1544,6,1.7500,0.00791855
2127,1,0.0333,0.00476190
270,37,0.1000,0.01428571
3852,5,0.3500,0.03888889
778,7,0.8500,0.02575758
3593,5,0.3000,0.01428571
2541,7,24.5000,0.45370370
2064,7,0.1500,0.00283019
2259,5,0.2167,0.00619048
3865,3,0.0833,0.01190476
2545,8,4.0167,0.01389850
338,7,0.3833,0.01419753
1448,4,1.1333,0.02982456
2998,0,0.7167,0.02107843
757,5,0.7000,0.02058824
1239,5,2.5500,0.03109756
3907,7,0.5167,0.02583333
3390,6,0.8500,0.02500000
2710,3,0.0333,0.01111111
3598,6,2.3167,0.01980057
3149,3,2.8000,0.02314050
1775,6,0.0000,0.00000000
1460,5,9.5667,0.10286738
1546,3,0.9667,0.01638418
1965,6,101.5667,0.50530680
2311,8,2.5500,0.01746575
1410,5,1.6500,0.02323944
3157,6,1.5167,0.02136150
3052,16,0.0833,0.01388889
3630,6,0.2833,0.01011905
1961,6,0.1333,0.00634921
2677,5,0.0167,0.00208333
675,7,0.0833,0.01190476
268,7,0.2167,0.01969697
2022,16,0.4667,0.00666667
childid,0,0.0000,0.00000000
1443,2,74.7000,0.74700000
3604,16,0.0000,0.00000000
2204,7,11.8667,0.13798450
2061,8,0.4167,0.00631313
2246,3,0.1167,0.02333333
3210,11,1.0833,0.01388889
907,10,0.2000,0.00540541
2091,6,1.5333,0.00952381
2869,16,0.0000,0.00000000
1762,0,0.3833,0.01916667
3333,8,0.6000,0.01935484
1732,7,0.7667,0.03194444
1798,1,0.1833,0.01833333
3861,2,0.0333,0.00666667
332,7,0.0000,0.00000000
3466,5,0.0000,0.00000000
669,4,0.6333,0.02533333
1545,4,0.0333,0.01666667
833,2,6.4500,0.28043478
3067,16,0.0500,0.00250000
1240,5,0.6167,0.01666667
742,5,0.0500,0.00500000
249,7,2.8833,0.01434494
3616,4,0.7500,0.01829268
777,7,0.0000,0.00000000
2063,7,0.3167,0.00673759
275,7,0.1833,0.01527778
3081,16,0.0833,0.00694444
2822,5,1.3667,0.02102564
1911,5,0.7500,0.03000000
3180,0,0.1000,0.01000000
3352,3,0.0000,0.00000000
2533,16,0.0833,0.00833333
2328,7,0.4333,0.01031746
3243,16,120.7500,4.02500000
1466,3,0.1833,0.03666667
254,8,0.2000,0.01428571
1854,6,0.1667,0.01190476
1404,4,1.4167,0.02053140
2215,5,1.8833,0.02729469
2249,6,1.1167,0.03602151
2916,5,24.9167,0.99666667
1028,5,0.0000,0.00000000
3752,9,0.0500,0.00555556
2596,16,0.5167,0.01359649
2927,6,0.2500,0.00862069
3700,16,0.3333,0.02222222
3595,3,1.3167,0.02484277
280,7,1.1167,0.02233333
3173,10,0.2833,0.00393519
3731,6,0.1833,0.01145833
261,7,0.9833,0.03511905
563,28,93.8833,0.11619224
2737,6,0.0167,0.00833333
1220,5,2.0500,0.02808219
2100,7,0.2333,0.02333333
1706,17,10.0333,0.01896660
3634,9,0.1167,0.01458333
3905,1,0.1167,0.01458333
2216,6,0.0000,0.00000000
1605,3,1.1833,0.03585859
2197,6,0.0333,0.00555556
1602,5,0.1500,0.00576923
497,7,0.0167,0.00555556
2055,5,2.4833,0.04869281
2663,2,0.1833,0.01145833
395,5,11.4000,0.24782609
3172,16,0.0000,0.00000000
2595,16,1.7500,0.01715686
3675,7,0.0500,0.00833333
1194,6,0.0500,0.01666667
3690,5,0.4333,0.01397849
1828,0,0.0167,0.00416667
2465,6,1.0667,0.01748634
1859,9,88.2667,0.66868687
1330,5,0.3000,0.01764706
661,4,0.0000,0.00000000
3407,6,1.2167,0.01789216
2624,16,1.3333,0.01092896
3924,5,0.4833,0.03222222
616,8,0.0000,0.00000000
1580,5,27.9500,0.08817035
2226,4,0.1833,0.02291667
3830,5,1.1333,0.02518519
3890,6,0.4833,0.02196970
2798,16,0.1833,0.01078431
2990,16,0.1167,0.01166667
1733,7,0.3000,0.01200000
1509,8,0.1500,0.00428571
1140,5,0.0667,0.02222222
3043,16,0.0167,0.00833333
1791,3,1.0167,0.02904762
1592,5,0.2500,0.00480769
3283,4,0.5333,0.00888889
958,7,1.4667,0.01396825
1185,7,21.4667,1.65128205
3321,6,0.3667,0.01466667
3521,6,0.0000,0.00000000
2080,5,1.7167,0.01788194
2172,8,0.2667,0.01777778
471,5,0.0000,0.00000000
2386,6,0.8333,0.02777778
438,3,4.9167,0.10034014
506,4,0.3333,0.08333333
3479,3,1.0667,0.03137255
2621,16,1.4833,0.01115288
1406,3,3.2333,0.03849206
3526,5,0.1333,0.01904762
3886,6,1.0167,0.01564103
599,9,9.7667,0.88787879
1505,9,0.1333,0.00634921
3228,5,0.4833,0.02543860
986,6,0.1500,0.01153846
2269,8,0.2000,0.01428571
202,6,0.2000,0.00555556
1307,5,0.7333,0.02037037
1764,4,0.8500,0.02179487
564,6,0.1667,0.00877193
3096,6,0.0667,0.00370370
384,7,312.4000,12.01538462
1755,4,1.0667,0.01350211
3011,16,0.0167,0.00333333
1427,5,0.3333,0.01587302
2951,2,0.0167,0.00138889
2310,7,0.5667,0.00833333
345,5,2.5167,0.03400901
1327,7,5.7167,0.03572917
3648,30,1.3333,0.01568627
2423,8,0.0667,0.00606061
656,6,0.8000,0.02352941
2625,16,70.1500,3.50750000
3309,3,98.6833,0.34870436
3092,5,0.0833,0.00925926
2460,7,0.9167,0.01553672
2293,5,1.8667,0.01060606
429,1,0.3167,0.00633333
469,5,0.0000,0.00000000
414,7,14.1167,0.52283951
1865,2,0.0833,0.01388889
1690,0,116.5500,19.42500000
2033,4,0.1833,0.03666667
3615,10,2.3000,0.01982759
2125,7,0.0667,0.00256410
698,7,1.7333,0.01468927
2060,7,0.4167,0.00578704
2371,16,0.3500,0.00875000
3171,1,0.0167,0.00238095
3100,6,0.0167,0.00833333
1577,5,0.1667,0.01388889
205,8,0.0000,0.00000000
2574,6,3.1333,0.03520599
904,10,0.0000,0.00000000
1511,7,0.9333,0.01555556
3463,16,3.1833,0.04897436
2709,3,17.9667,0.19318996
2217,10,0.0333,0.00303030
1815,6,0.0500,0.00625000
3068,16,0.0333,0.00333333
3849,5,1.2333,0.02126437
2912,3,1.8833,0.01727829
3184,1,0.0667,0.02222222
458,4,0.2500,0.02500000
3185,2,0.0000,0.00000000
1744,8,0.0000,0.00000000
1962,6,95.7500,1.10057471
959,6,2.0500,0.02562500
2431,4,0.2000,0.01666667
3912,26,0.1000,0.01428571
1508,4,0.2667,0.00919540
1727,6,1.7000,0.01752577
2569,7,7.0500,0.01835938
1992,6,82.1833,0.23960155
562,2,0.6667,0.02083333
3336,5,0.0500,0.00625000
507,6,0.0167,0.00833333
1350,7,0.4500,0.01500000
232,7,38.8000,0.26575342
2483,5,1.3333,0.02083333
996,4,0.3500,0.01842105
2597,16,0.0167,0.00416667
1370,6,1.9167,0.01584022
3376,3,10.6500,0.07147651
405,8,23.5500,1.07045455
1893,29,0.1000,0.01250000
3559,2,0.1667,0.01515152
615,5,0.6500,0.03611111
2002,4,1.2500,0.02604167
1597,0,0.0333,0.00416667
3596,6,0.9667,0.02056738
2130,7,0.3500,0.01206897
1816,6,0.0333,0.00555556
3609,8,1.3667,0.01277259
2617,16,24.0000,0.22018349
3833,5,1.6833,0.02370892
3366,4,0.2667,0.01403509
3250,16,1.1000,0.02500000
1699,10,0.0000,0.00000000
657,8,0.0000,0.00000000
3772,3,0.0333,0.01111111
2819,6,0.5333,0.01975309
272,8,0.0833,0.01388889
2169,4,1.2167,0.02097701
2638,16,2.4667,0.03333333
3229,0,1.1333,0.01827957
3918,4,0.2500,0.00625000
701,7,0.1000,0.00714286
197,7,0.0000,0.00000000
837,6,0.0000,0.00000000
710,7,23.3500,3.33571429
1503,5,0.6833,0.01198830
2111,23,0.0000,0.00000000
663,5,0.0833,0.01041667
1895,4,27.7000,0.04920071
3904,3,0.9333,0.01228070
1857,9,26.9667,0.11475177
229,5,0.3333,0.02564103
3123,14,0.5167,0.01123188
926,1,0.0167,0.00833333
940,9,1.1500,0.02500000
915,8,6.3500,0.18676471
3628,4,1.3833,0.06916667
530,1,0.0167,0.00555556
2833,7,0.5833,0.01458333
1575,4,0.0000,0.00000000
2768,16,0.2167,0.00902778
1474,6,0.4500,0.01451613
473,7,0.1333,0.01333333
1606,5,31.1833,0.20118280
3824,7,92.7167,1.47169312
2662,16,0.0000,0.00000000
3610,3,0.4833,0.00819209
2245,6,0.5167,0.01435185
2037,4,24.9333,0.80430108
2616,43,0.2833,0.02361111
3307,16,0.7333,0.03188406
2148,5,0.3167,0.01439394
3540,4,0.8833,0.02007576
1316,8,2.7167,0.06317829
2937,16,1.1500,0.01716418
1547,0,1.0833,0.02462121
3330,4,47.6333,1.03550725
2952,3,1.3167,0.02231638
2953,8,0.1000,0.00714286
3385,6,0.3833,0.01197917
2364,6,0.3167,0.01319444
219,7,0.0167,0.00416667
655,7,0.6167,0.00761317
2765,5,0.5833,0.01458333
3425,4,0.2167,0.00866667
3644,6,0.2833,0.01574074
3597,6,0.2000,0.01666667
2422,6,0.1000,0.01250000
2393,6,0.1500,0.00750000
1922,4,0.0833,0.01666667
2095,7,1.4500,0.01330275
3590,9,0.7000,0.01093750
1180,4,25.3833,1.26916667
3578,8,1.2500,0.01736111
948,7,0.5000,0.01190476
1025,4,1.6000,0.01290323
3392,16,0.5167,0.00890805
515,11,0.0000,0.00000000
3137,6,0.2500,0.01470588
3465,5,0.1333,0.00888889
2374,3,0.8000,0.01632653
874,4,4.2500,0.02759740
2263,2,0.0333,0.00416667
954,8,0.1667,0.00980392
704,7,2.2667,0.04358974
193,5,0.2500,0.03125000
3129,8,0.0167,0.00208333
2040,8,2.4333,0.01789216
3613,4,0.0333,0.00208333
408,6,0.2000,0.01111111
1191,6,0.0333,0.01111111
1451,10,0.8667,0.01733333
2075,8,0.3667,0.00852713
